{"avg_plddt": 73.56, "plddt_above70": 67.39999999999999, "plddt_above90": 26.5, "plddt_below50": 16.900000000000002, "model_id": "AF-Q6UX04-F1", "version": 6}