gene,protein_full_name,uniprot_id,status,final_sperm_score,sperm_evidence_score,pubmed_score,ppi_score,structure_domain_score,novelty_specificity_score,pubmed_strict_count,pubmed_broad_count,pubmed_display_count,source_sperm,source_centriolar_satellite,source_both,hpa_location_text,has_if_image,has_hpa_image_url,has_string_ppi,ppi_status,has_structure_domain,in_main_atlas,main_status,main_category,report_path,docs_report_path,has_hpa_seed,has_pubmed,has_ppi_humanppi,has_structure_domain,manual_review,te_relevance_score
AAAS,,,sperm_eliminated,0,0,0,0,0,0,,,,False,False,False,,,,,,False,False,,,sperm/detail/AAAS/AAAS-sperm-evaluation.md,docs/sperm/reports/AAAS.html,False,False,False,False,False,0
ABCB6,,,sperm_eliminated,0,0,0,0,0,0,,,,False,False,False,,,,,,False,False,,,sperm/detail/ABCB6/ABCB6-sperm-evaluation.md,docs/sperm/reports/ABCB6.html,False,False,False,False,False,0
ABCC8,,,sperm_eliminated,0,0,0,0,0,0,,,,False,False,False,,,,,,False,False,,,sperm/detail/ABCC8/ABCC8-sperm-evaluation.md,docs/sperm/reports/ABCC8.html,False,False,False,False,False,0
ABHD2,,,sperm_low_priority,0,0,6.0,5.0,0,0,,,,False,False,False,,,,,,True,False,,,sperm/detail/ABHD2/ABHD2-sperm-evaluation.md,docs/sperm/reports/ABHD2.html,False,False,True,True,False,0
ABLIM1,,,sperm_low_priority,0,0,6.0,5.0,0,0,,,,False,False,False,,,,,,True,False,,,sperm/detail/ABLIM1/ABLIM1-sperm-evaluation.md,docs/sperm/reports/ABLIM1.html,False,False,True,True,False,0
ACADM,,,sperm_eliminated,0,0,0,0,0,0,,,,False,False,False,,,,,,False,False,,,sperm/detail/ACADM/ACADM-sperm-evaluation.md,docs/sperm/reports/ACADM.html,False,False,False,False,False,0
ACADS,,,sperm_eliminated,0,0,0,0,0,0,,,,False,False,False,,,,,,False,False,,,sperm/detail/ACADS/ACADS-sperm-evaluation.md,docs/sperm/reports/ACADS.html,False,False,False,False,False,0
ACLY,,,sperm_eliminated,0,0,0,0,0,0,,,,False,False,False,,,,,,False,False,,,sperm/detail/ACLY/ACLY-sperm-evaluation.md,docs/sperm/reports/ACLY.html,False,False,False,False,False,0
ACRV1,,,sperm_low_priority,0,0,6.0,5.0,0,0,,,,False,False,False,,,,,,True,False,,,sperm/detail/ACRV1/ACRV1-sperm-evaluation.md,docs/sperm/reports/ACRV1.html,False,False,True,True,False,0
ACTL7A,,,sperm_low_priority,0,0,7.0,5.0,0,0,,,,False,False,False,,,,,,True,False,,,sperm/detail/ACTL7A/ACTL7A-sperm-evaluation.md,docs/sperm/reports/ACTL7A.html,False,False,True,True,False,0
ACTL9,,,sperm_candidate,0,0,8.0,18.0,0,0,,,,False,False,False,,,,,,True,False,,,sperm/detail/ACTL9/ACTL9-sperm-evaluation.md,docs/sperm/reports/ACTL9.html,False,False,True,True,False,0
ACTR10,,,sperm_candidate,0,0,10.0,5.0,0,0,,,,False,False,False,,,,,,True,False,,,sperm/detail/ACTR10/ACTR10-sperm-evaluation.md,docs/sperm/reports/ACTR10.html,False,False,True,True,False,0
ACTRT3,,,sperm_candidate,0,0,10.0,5.0,0,0,,,,False,False,False,,,,,,True,False,,,sperm/detail/ACTRT3/ACTRT3-sperm-evaluation.md,docs/sperm/reports/ACTRT3.html,False,False,True,True,False,0
ADAM30,,,sperm_candidate,0,0,8.0,5.0,0,0,,,,False,False,False,,,,,,True,False,,,sperm/detail/ADAM30/ADAM30-sperm-evaluation.md,docs/sperm/reports/ADAM30.html,False,False,True,True,False,0
ADAM32,,,sperm_candidate,0,0,8.0,18.0,0,0,,,,False,False,False,,,,,,True,False,,,sperm/detail/ADAM32/ADAM32-sperm-evaluation.md,docs/sperm/reports/ADAM32.html,False,False,True,True,False,0
ADGB,,,sperm_low_priority,0,0,7.0,5.0,0,0,,,,False,False,False,,,,,,True,False,,,sperm/detail/ADGB/ADGB-sperm-evaluation.md,docs/sperm/reports/ADGB.html,False,False,True,True,False,0
AFG3L2,,,sperm_eliminated,0,0,0,0,0,0,,,,False,False,False,,,,,,False,False,,,sperm/detail/AFG3L2/AFG3L2-sperm-evaluation.md,docs/sperm/reports/AFG3L2.html,False,False,False,False,False,0
AGBL2,,,sperm_candidate,0,0,8.0,18.0,0,0,,,,False,False,False,,,,,,True,False,,,sperm/detail/AGBL2/AGBL2-sperm-evaluation.md,docs/sperm/reports/AGBL2.html,False,False,True,True,False,0
AIFM1,,,sperm_eliminated,0,0,0,0,0,0,,,,False,False,False,,,,,,False,False,,,sperm/detail/AIFM1/AIFM1-sperm-evaluation.md,docs/sperm/reports/AIFM1.html,False,False,False,False,False,0
AK1,,,sperm_eliminated,0,0,0,0,0,0,,,,False,False,False,,,,,,False,False,,,sperm/detail/AK1/AK1-sperm-evaluation.md,docs/sperm/reports/AK1.html,False,False,False,False,False,0
AK7,,,sperm_eliminated,0,0,0,0,0,0,,,,False,False,False,,,,,,False,False,,,sperm/detail/AK7/AK7-sperm-evaluation.md,docs/sperm/reports/AK7.html,False,False,False,False,False,0
AK8,,,sperm_candidate,0,0,8.0,5.0,0,0,,,,False,False,False,,,,,,True,False,,,sperm/detail/AK8/AK8-sperm-evaluation.md,docs/sperm/reports/AK8.html,False,False,True,True,False,0
AK9,,,sperm_candidate,0,0,7.0,18.0,0,0,,,,False,False,False,,,,,,True,False,,,sperm/detail/AK9/AK9-sperm-evaluation.md,docs/sperm/reports/AK9.html,False,False,True,True,False,0
AKAP3,,,sperm_low_priority,0,0,6.0,5.0,0,0,,,,False,False,False,,,,,,True,False,,,sperm/detail/AKAP3/AKAP3-sperm-evaluation.md,docs/sperm/reports/AKAP3.html,False,False,True,True,False,0
AKAP4,,,sperm_eliminated,0,0,0,0,0,0,,,,False,False,False,,,,,,False,False,,,sperm/detail/AKAP4/AKAP4-sperm-evaluation.md,docs/sperm/reports/AKAP4.html,False,False,False,False,False,0
AKT1,,,sperm_eliminated,0,0,0,0,0,0,,,,False,False,False,,,,,,False,False,,,sperm/detail/AKT1/AKT1-sperm-evaluation.md,docs/sperm/reports/AKT1.html,False,False,False,False,False,0
ALMS1,,,sperm_eliminated,0,0,0,0,0,0,,,,False,False,False,,,,,,False,False,,,sperm/detail/ALMS1/ALMS1-sperm-evaluation.md,docs/sperm/reports/ALMS1.html,False,False,False,False,False,0
ANK2,,,sperm_eliminated,0,0,0,0,0,0,,,,False,False,False,,,,,,False,False,,,sperm/detail/ANK2/ANK2-sperm-evaluation.md,docs/sperm/reports/ANK2.html,False,False,False,False,False,0
AQP9,,,sperm_eliminated,0,0,0,0,0,0,,,,False,False,False,,,,,,False,False,,,sperm/detail/AQP9/AQP9-sperm-evaluation.md,docs/sperm/reports/AQP9.html,False,False,False,False,False,0
ARL13A,,,sperm_candidate,0,0,10.0,5.0,0,0,,,,False,False,False,,,,,,True,False,,,sperm/detail/ARL13A/ARL13A-sperm-evaluation.md,docs/sperm/reports/ARL13A.html,False,False,True,True,False,0
ARL13B,,,sperm_eliminated,0,0,0,0,0,0,,,,False,False,False,,,,,,False,False,,,sperm/detail/ARL13B/ARL13B-sperm-evaluation.md,docs/sperm/reports/ARL13B.html,False,False,False,False,False,0
ARL2,,,sperm_eliminated,0,0,0,0,0,0,,,,False,False,False,,,,,,False,False,,,sperm/detail/ARL2/ARL2-sperm-evaluation.md,docs/sperm/reports/ARL2.html,False,False,False,False,False,0
ARMC9,,,sperm_candidate,0,0,8.0,5.0,0,0,,,,False,False,False,,,,,,True,False,,,sperm/detail/ARMC9/ARMC9-sperm-evaluation.md,docs/sperm/reports/ARMC9.html,False,False,True,True,False,0
ARMS2,,,sperm_eliminated,0,0,0,0,0,0,,,,False,False,False,,,,,,False,False,,,sperm/detail/ARMS2/ARMS2-sperm-evaluation.md,docs/sperm/reports/ARMS2.html,False,False,False,False,False,0
ARSA,,,sperm_eliminated,0,0,0,0,0,0,,,,False,False,False,,,,,,False,False,,,sperm/detail/ARSA/ARSA-sperm-evaluation.md,docs/sperm/reports/ARSA.html,False,False,False,False,False,0
ART3,,,sperm_low_priority,0,0,6.0,5.0,0,0,,,,False,False,False,,,,,,True,False,,,sperm/detail/ART3/ART3-sperm-evaluation.md,docs/sperm/reports/ART3.html,False,False,True,True,False,0
ASIP,,,sperm_eliminated,0,0,0,0,0,0,,,,False,False,False,,,,,,False,False,,,sperm/detail/ASIP/ASIP-sperm-evaluation.md,docs/sperm/reports/ASIP.html,False,False,False,False,False,0
ATAD3A,,,sperm_eliminated,0,0,0,0,0,0,,,,False,False,False,,,,,,False,False,,,sperm/detail/ATAD3A/ATAD3A-sperm-evaluation.md,docs/sperm/reports/ATAD3A.html,False,False,False,False,False,0
ATAD3B,,,sperm_low_priority,0,0,7.0,5.0,0,0,,,,False,False,False,,,,,,True,False,,,sperm/detail/ATAD3B/ATAD3B-sperm-evaluation.md,docs/sperm/reports/ATAD3B.html,False,False,True,True,False,0
ATG16L1,,,sperm_eliminated,0,0,0,0,0,0,,,,False,False,False,,,,,,False,False,,,sperm/detail/ATG16L1/ATG16L1-sperm-evaluation.md,docs/sperm/reports/ATG16L1.html,False,False,False,False,False,0
ATG7,,,sperm_eliminated,0,0,0,0,0,0,,,,False,False,False,,,,,,False,False,,,sperm/detail/ATG7/ATG7-sperm-evaluation.md,docs/sperm/reports/ATG7.html,False,False,False,False,False,0
ATOH7,,,sperm_eliminated,0,0,0,0,0,0,,,,False,False,False,,,,,,False,False,,,sperm/detail/ATOH7/ATOH7-sperm-evaluation.md,docs/sperm/reports/ATOH7.html,False,False,False,False,False,0
ATP2A2,,,sperm_eliminated,0,0,0,0,0,0,,,,False,False,False,,,,,,False,False,,,sperm/detail/ATP2A2/ATP2A2-sperm-evaluation.md,docs/sperm/reports/ATP2A2.html,False,False,False,False,False,0
ATP5F1A,,,sperm_low_priority,0,0,6.0,5.0,0,0,,,,False,False,False,,,,,,True,False,,,sperm/detail/ATP5F1A/ATP5F1A-sperm-evaluation.md,docs/sperm/reports/ATP5F1A.html,False,False,True,True,False,0
ATP5F1D,,,sperm_candidate,0,0,8.0,5.0,0,0,,,,False,False,False,,,,,,True,False,,,sperm/detail/ATP5F1D/ATP5F1D-sperm-evaluation.md,docs/sperm/reports/ATP5F1D.html,False,False,True,True,False,0
ATP5MG,,,sperm_candidate,0,0,10.0,5.0,0,0,,,,False,False,False,,,,,,True,False,,,sperm/detail/ATP5MG/ATP5MG-sperm-evaluation.md,docs/sperm/reports/ATP5MG.html,False,False,True,True,False,0
ATP5MGL,,,sperm_candidate,0,0,10.0,18.0,0,0,,,,False,False,False,,,,,,True,False,,,sperm/detail/ATP5MGL/ATP5MGL-sperm-evaluation.md,docs/sperm/reports/ATP5MGL.html,False,False,True,True,False,0
ATP5PF,,,sperm_candidate,0,0,8.0,5.0,0,0,,,,False,False,False,,,,,,True,False,,,sperm/detail/ATP5PF/ATP5PF-sperm-evaluation.md,docs/sperm/reports/ATP5PF.html,False,False,True,True,False,0
ATP6V0A2,,,sperm_eliminated,0,0,0,0,0,0,,,,False,False,False,,,,,,False,False,,,sperm/detail/ATP6V0A2/ATP6V0A2-sperm-evaluation.md,docs/sperm/reports/ATP6V0A2.html,False,False,False,False,False,0
ATP8A2,,,sperm_candidate,0,0,6.0,5.0,0,0,,,,False,False,False,,,,,,True,False,,,sperm/detail/ATP8A2/ATP8A2-sperm-evaluation.md,docs/sperm/reports/ATP8A2.html,False,False,True,True,False,0
B9D1,,,sperm_candidate,0,0,8.0,18.0,0,0,,,,False,False,False,,,,,,True,False,,,sperm/detail/B9D1/B9D1-sperm-evaluation.md,docs/sperm/reports/B9D1.html,False,False,True,True,False,0
BAD,,,sperm_eliminated,0,0,0,0,0,0,,,,False,False,False,,,,,,False,False,,,sperm/detail/BAD/BAD-sperm-evaluation.md,docs/sperm/reports/BAD.html,False,False,False,False,False,0
BAG2,,,sperm_eliminated,0,0,0,0,0,0,,,,False,False,False,,,,,,False,False,,,sperm/detail/BAG2/BAG2-sperm-evaluation.md,docs/sperm/reports/BAG2.html,False,False,False,False,False,0
BBS4,,,sperm_eliminated,0,0,0,0,0,0,,,,False,False,False,,,,,,False,False,,,sperm/detail/BBS4/BBS4-sperm-evaluation.md,docs/sperm/reports/BBS4.html,False,False,False,False,False,0
BBS5,,,sperm_low_priority,0,0,6.0,5.0,0,0,,,,False,False,False,,,,,,True,False,,,sperm/detail/BBS5/BBS5-sperm-evaluation.md,docs/sperm/reports/BBS5.html,False,False,True,True,False,0
BBS9,,,sperm_eliminated,0,0,0,0,0,0,,,,False,False,False,,,,,,False,False,,,sperm/detail/BBS9/BBS9-sperm-evaluation.md,docs/sperm/reports/BBS9.html,False,False,False,False,False,0
BCL2L1,,,sperm_eliminated,0,0,0,0,0,0,,,,False,False,False,,,,,,False,False,,,sperm/detail/BCL2L1/BCL2L1-sperm-evaluation.md,docs/sperm/reports/BCL2L1.html,False,False,False,False,False,0
BCS1L,,,sperm_eliminated,0,0,0,0,0,0,,,,False,False,False,,,,,,False,False,,,sperm/detail/BCS1L/BCS1L-sperm-evaluation.md,docs/sperm/reports/BCS1L.html,False,False,False,False,False,0
BEST2,,,sperm_eliminated,0,0,0,0,0,0,,,,False,False,False,,,,,,False,False,,,sperm/detail/BEST2/BEST2-sperm-evaluation.md,docs/sperm/reports/BEST2.html,False,False,False,False,False,0
BOLL,,,sperm_eliminated,0,0,0,0,0,0,,,,False,False,False,,,,,,False,False,,,sperm/detail/BOLL/BOLL-sperm-evaluation.md,docs/sperm/reports/BOLL.html,False,False,False,False,False,0
BRAF,,,sperm_eliminated,0,0,0,0,0,0,,,,False,False,False,,,,,,False,False,,,sperm/detail/BRAF/BRAF-sperm-evaluation.md,docs/sperm/reports/BRAF.html,False,False,False,False,False,0
BSG,,,sperm_eliminated,0,0,0,0,0,0,,,,False,False,False,,,,,,False,False,,,sperm/detail/BSG/BSG-sperm-evaluation.md,docs/sperm/reports/BSG.html,False,False,False,False,False,0
C16orf78,,,sperm_candidate,0,0,10.0,18.0,0,0,,,,False,False,False,,,,,,True,False,,,sperm/detail/C16orf78/C16orf78-sperm-evaluation.md,docs/sperm/reports/C16orf78.html,False,False,True,True,False,0
C1orf100,,,sperm_candidate,0,0,10.0,5.0,0,0,,,,False,False,False,,,,,,True,False,,,sperm/detail/C1orf100/C1orf100-sperm-evaluation.md,docs/sperm/reports/C1orf100.html,False,False,True,True,False,0
C20orf85,,,sperm_candidate,0,0,10.0,5.0,0,0,,,,False,False,False,,,,,,True,False,,,sperm/detail/C20orf85/C20orf85-sperm-evaluation.md,docs/sperm/reports/C20orf85.html,False,False,True,True,False,0
C2CD3,,,sperm_candidate,0,0,7.0,18.0,0,0,,,,False,False,False,,,,,,True,False,,,sperm/detail/C2CD3/C2CD3-sperm-evaluation.md,docs/sperm/reports/C2CD3.html,False,False,True,True,False,0
C2CD6,,,sperm_candidate,0,0,10.0,18.0,0,0,,,,False,False,False,,,,,,True,False,,,sperm/detail/C2CD6/C2CD6-sperm-evaluation.md,docs/sperm/reports/C2CD6.html,False,False,True,True,False,0
C4orf17,,,sperm_candidate,0,0,10.0,5.0,0,0,,,,False,False,False,,,,,,True,False,,,sperm/detail/C4orf17/C4orf17-sperm-evaluation.md,docs/sperm/reports/C4orf17.html,False,False,True,True,False,0
C4orf45,,,sperm_candidate,0,0,10.0,18.0,0,0,,,,False,False,False,,,,,,True,False,,,sperm/detail/C4orf45/C4orf45-sperm-evaluation.md,docs/sperm/reports/C4orf45.html,False,False,True,True,False,0
C4orf47,,,sperm_candidate,0,0,10.0,18.0,0,0,,,,False,False,False,,,,,,True,False,,,sperm/detail/C4orf47/C4orf47-sperm-evaluation.md,docs/sperm/reports/C4orf47.html,False,False,True,True,False,0
C7orf33,,,sperm_candidate,0,0,10.0,5.0,0,0,,,,False,False,False,,,,,,True,False,,,sperm/detail/C7orf33/C7orf33-sperm-evaluation.md,docs/sperm/reports/C7orf33.html,False,False,True,True,False,0
C9orf24,,,sperm_candidate,0,0,10.0,5.0,0,0,,,,False,False,False,,,,,,True,False,,,sperm/detail/C9orf24/C9orf24-sperm-evaluation.md,docs/sperm/reports/C9orf24.html,False,False,True,True,False,0
CABYR,,,sperm_candidate,0,0,7.0,18.0,0,0,,,,False,False,False,,,,,,True,False,,,sperm/detail/CABYR/CABYR-sperm-evaluation.md,docs/sperm/reports/CABYR.html,False,False,True,True,False,0
CACNA1B,,,sperm_eliminated,0,0,0,0,0,0,,,,False,False,False,,,,,,False,False,,,sperm/detail/CACNA1B/CACNA1B-sperm-evaluation.md,docs/sperm/reports/CACNA1B.html,False,False,False,False,False,0
CACNA1G,,,sperm_eliminated,0,0,0,0,0,0,,,,False,False,False,,,,,,False,False,,,sperm/detail/CACNA1G/CACNA1G-sperm-evaluation.md,docs/sperm/reports/CACNA1G.html,False,False,False,False,False,0
CACNA1I,,,sperm_eliminated,0,0,0,0,0,0,,,,False,False,False,,,,,,False,False,,,sperm/detail/CACNA1I/CACNA1I-sperm-evaluation.md,docs/sperm/reports/CACNA1I.html,False,False,False,False,False,0
CACNA1S,,,sperm_eliminated,0,0,0,0,0,0,,,,False,False,False,,,,,,False,False,,,sperm/detail/CACNA1S/CACNA1S-sperm-evaluation.md,docs/sperm/reports/CACNA1S.html,False,False,False,False,False,0
CACNA2D2,,,sperm_eliminated,0,0,0,0,0,0,,,,False,False,False,,,,,,False,False,,,sperm/detail/CACNA2D2/CACNA2D2-sperm-evaluation.md,docs/sperm/reports/CACNA2D2.html,False,False,False,False,False,0
CACNA2D3,,,sperm_eliminated,0,0,0,0,0,0,,,,False,False,False,,,,,,False,False,,,sperm/detail/CACNA2D3/CACNA2D3-sperm-evaluation.md,docs/sperm/reports/CACNA2D3.html,False,False,False,False,False,0
CACNA2D4,,,sperm_candidate,0,0,7.0,5.0,0,0,,,,False,False,False,,,,,,True,False,,,sperm/detail/CACNA2D4/CACNA2D4-sperm-evaluation.md,docs/sperm/reports/CACNA2D4.html,False,False,True,True,False,0
CAMK2A,,,sperm_eliminated,0,0,0,0,0,0,,,,False,False,False,,,,,,False,False,,,sperm/detail/CAMK2A/CAMK2A-sperm-evaluation.md,docs/sperm/reports/CAMK2A.html,False,False,False,False,False,0
CAMK2B,,,sperm_eliminated,0,0,0,0,0,0,,,,False,False,False,,,,,,False,False,,,sperm/detail/CAMK2B/CAMK2B-sperm-evaluation.md,docs/sperm/reports/CAMK2B.html,False,False,False,False,False,0
CAMK2D,,,sperm_eliminated,0,0,0,0,0,0,,,,False,False,False,,,,,,False,False,,,sperm/detail/CAMK2D/CAMK2D-sperm-evaluation.md,docs/sperm/reports/CAMK2D.html,False,False,False,False,False,0
CAMK2G,,,sperm_eliminated,0,0,0,0,0,0,,,,False,False,False,,,,,,False,False,,,sperm/detail/CAMK2G/CAMK2G-sperm-evaluation.md,docs/sperm/reports/CAMK2G.html,False,False,False,False,False,0
CAPN11,,,sperm_candidate,0,0,8.0,5.0,0,0,,,,False,False,False,,,,,,True,False,,,sperm/detail/CAPN11/CAPN11-sperm-evaluation.md,docs/sperm/reports/CAPN11.html,False,False,True,True,False,0
CAPN2,,,sperm_eliminated,0,0,0,0,0,0,,,,False,False,False,,,,,,False,False,,,sperm/detail/CAPN2/CAPN2-sperm-evaluation.md,docs/sperm/reports/CAPN2.html,False,False,False,False,False,0
CAPZA3,,,sperm_candidate,0,0,8.0,18.0,0,0,,,,False,False,False,,,,,,True,False,,,sperm/detail/CAPZA3/CAPZA3-sperm-evaluation.md,docs/sperm/reports/CAPZA3.html,False,False,True,True,False,0
CASP8,,,sperm_eliminated,0,0,0,0,0,0,,,,False,False,False,,,,,,False,False,,,sperm/detail/CASP8/CASP8-sperm-evaluation.md,docs/sperm/reports/CASP8.html,False,False,False,False,False,0
CATIP,,,sperm_candidate,0,0,8.0,5.0,0,0,,,,False,False,False,,,,,,True,False,,,sperm/detail/CATIP/CATIP-sperm-evaluation.md,docs/sperm/reports/CATIP.html,False,False,True,True,False,0
CATSPER1,,,sperm_eliminated,0,0,0,0,0,0,,,,False,False,False,,,,,,False,False,,,sperm/detail/CATSPER1/CATSPER1-sperm-evaluation.md,docs/sperm/reports/CATSPER1.html,False,False,False,False,False,0
CATSPER2,,,sperm_low_priority,0,0,6.0,5.0,0,0,,,,False,False,False,,,,,,True,False,,,sperm/detail/CATSPER2/CATSPER2-sperm-evaluation.md,docs/sperm/reports/CATSPER2.html,False,False,True,True,False,0
CATSPER3,,,sperm_candidate,0,0,8.0,18.0,0,0,,,,False,False,False,,,,,,True,False,,,sperm/detail/CATSPER3/CATSPER3-sperm-evaluation.md,docs/sperm/reports/CATSPER3.html,False,False,True,True,False,0
CATSPERB,,,sperm_candidate,0,0,8.0,18.0,0,0,,,,False,False,False,,,,,,True,False,,,sperm/detail/CATSPERB/CATSPERB-sperm-evaluation.md,docs/sperm/reports/CATSPERB.html,False,False,True,True,False,0
CATSPERD,,,sperm_candidate,0,0,10.0,18.0,0,0,,,,False,False,False,,,,,,True,False,,,sperm/detail/CATSPERD/CATSPERD-sperm-evaluation.md,docs/sperm/reports/CATSPERD.html,False,False,True,True,False,0
CATSPERE,,,sperm_candidate,0,0,10.0,18.0,0,0,,,,False,False,False,,,,,,True,False,,,sperm/detail/CATSPERE/CATSPERE-sperm-evaluation.md,docs/sperm/reports/CATSPERE.html,False,False,True,True,False,0
CATSPERG,,,sperm_candidate,0,0,10.0,18.0,0,0,,,,False,False,False,,,,,,True,False,,,sperm/detail/CATSPERG/CATSPERG-sperm-evaluation.md,docs/sperm/reports/CATSPERG.html,False,False,True,True,False,0
CATSPERZ,,,sperm_candidate,0,0,10.0,18.0,0,0,,,,False,False,False,,,,,,True,False,,,sperm/detail/CATSPERZ/CATSPERZ-sperm-evaluation.md,docs/sperm/reports/CATSPERZ.html,False,False,True,True,False,0
CAV1,,,sperm_eliminated,0,0,0,0,0,0,,,,False,False,False,,,,,,False,False,,,sperm/detail/CAV1/CAV1-sperm-evaluation.md,docs/sperm/reports/CAV1.html,False,False,False,False,False,0
CBL,,,sperm_eliminated,0,0,0,0,0,0,,,,False,False,False,,,,,,False,False,,,sperm/detail/CBL/CBL-sperm-evaluation.md,docs/sperm/reports/CBL.html,False,False,False,False,False,0
CBLN1,,,sperm_eliminated,0,0,0,0,0,0,,,,False,False,False,,,,,,False,False,,,sperm/detail/CBLN1/CBLN1-sperm-evaluation.md,docs/sperm/reports/CBLN1.html,False,False,False,False,False,0
CBLN2,,,sperm_candidate,0,0,6.0,18.0,0,0,,,,False,False,False,,,,,,True,False,,,sperm/detail/CBLN2/CBLN2-sperm-evaluation.md,docs/sperm/reports/CBLN2.html,False,False,True,True,False,0
CBLN4,,,sperm_candidate,0,0,7.0,18.0,0,0,,,,False,False,False,,,,,,True,False,,,sperm/detail/CBLN4/CBLN4-sperm-evaluation.md,docs/sperm/reports/CBLN4.html,False,False,True,True,False,0
CBY2,,,sperm_candidate,0,0,10.0,18.0,0,0,,,,False,False,False,,,,,,True,False,,,sperm/detail/CBY2/CBY2-sperm-evaluation.md,docs/sperm/reports/CBY2.html,False,False,True,True,False,0
CC2D2A,,,sperm_eliminated,0,0,0,0,0,0,,,,False,False,False,,,,,,False,False,,,sperm/detail/CC2D2A/CC2D2A-sperm-evaluation.md,docs/sperm/reports/CC2D2A.html,False,False,False,False,False,0
CCDC103,,,sperm_candidate,0,0,8.0,18.0,0,0,,,,False,False,False,,,,,,True,False,,,sperm/detail/CCDC103/CCDC103-sperm-evaluation.md,docs/sperm/reports/CCDC103.html,False,False,True,True,False,0
CCDC136,,,sperm_candidate,0,0,8.0,18.0,0,0,,,,False,False,False,,,,,,True,False,,,sperm/detail/CCDC136/CCDC136-sperm-evaluation.md,docs/sperm/reports/CCDC136.html,False,False,True,True,False,0
CCDC181,,,sperm_candidate,0,0,8.0,18.0,0,0,,,,False,False,False,,,,,,True,False,,,sperm/detail/CCDC181/CCDC181-sperm-evaluation.md,docs/sperm/reports/CCDC181.html,False,False,True,True,False,0
CCDC183,,,sperm_candidate,0,0,8.0,18.0,0,0,,,,False,False,False,,,,,,True,False,,,sperm/detail/CCDC183/CCDC183-sperm-evaluation.md,docs/sperm/reports/CCDC183.html,False,False,True,True,False,0
CCDC188,,,sperm_candidate,0,0,10.0,18.0,0,0,,,,False,False,False,,,,,,True,False,,,sperm/detail/CCDC188/CCDC188-sperm-evaluation.md,docs/sperm/reports/CCDC188.html,False,False,True,True,False,0
CCDC34,,,sperm_candidate,0,0,8.0,18.0,0,0,,,,False,False,False,,,,,,True,False,,,sperm/detail/CCDC34/CCDC34-sperm-evaluation.md,docs/sperm/reports/CCDC34.html,False,False,True,True,False,0
CCDC39,,,sperm_candidate,0,0,6.0,18.0,0,0,,,,False,False,False,,,,,,True,False,,,sperm/detail/CCDC39/CCDC39-sperm-evaluation.md,docs/sperm/reports/CCDC39.html,False,False,True,True,False,0
CCDC40,,,sperm_candidate,0,0,6.0,18.0,0,0,,,,False,False,False,,,,,,True,False,,,sperm/detail/CCDC40/CCDC40-sperm-evaluation.md,docs/sperm/reports/CCDC40.html,False,False,True,True,False,0
CCDC63,,,sperm_candidate,0,0,8.0,18.0,0,0,,,,False,False,False,,,,,,True,False,,,sperm/detail/CCDC63/CCDC63-sperm-evaluation.md,docs/sperm/reports/CCDC63.html,False,False,True,True,False,0
CCDC65,,,sperm_candidate,0,0,8.0,18.0,0,0,,,,False,False,False,,,,,,True,False,,,sperm/detail/CCDC65/CCDC65-sperm-evaluation.md,docs/sperm/reports/CCDC65.html,False,False,True,True,False,0
CCDC66,,,sperm_candidate,0,0,7.0,18.0,0,0,,,,False,False,False,,,,,,True,False,,,sperm/detail/CCDC66/CCDC66-sperm-evaluation.md,docs/sperm/reports/CCDC66.html,False,False,True,True,False,0
CCDC91,,,sperm_candidate,0,0,8.0,18.0,0,0,,,,False,False,False,,,,,,True,False,,,sperm/detail/CCDC91/CCDC91-sperm-evaluation.md,docs/sperm/reports/CCDC91.html,False,False,True,True,False,0
CCIN,,,sperm_candidate,0,0,7.0,18.0,0,0,,,,False,False,False,,,,,,True,False,,,sperm/detail/CCIN/CCIN-sperm-evaluation.md,docs/sperm/reports/CCIN.html,False,False,True,True,False,0
CCT2,,,sperm_eliminated,0,0,0,0,0,0,,,,False,False,False,,,,,,False,False,,,sperm/detail/CCT2/CCT2-sperm-evaluation.md,docs/sperm/reports/CCT2.html,False,False,False,False,False,0
CCT5,,,sperm_eliminated,0,0,0,0,0,0,,,,False,False,False,,,,,,False,False,,,sperm/detail/CCT5/CCT5-sperm-evaluation.md,docs/sperm/reports/CCT5.html,False,False,False,False,False,0
CCT8,,,sperm_candidate,0,0,6.0,18.0,0,0,,,,False,False,False,,,,,,True,False,,,sperm/detail/CCT8/CCT8-sperm-evaluation.md,docs/sperm/reports/CCT8.html,False,False,True,True,False,0
CD300LG,,,sperm_candidate,0,0,7.0,18.0,0,0,,,,False,False,False,,,,,,True,False,,,sperm/detail/CD300LG/CD300LG-sperm-evaluation.md,docs/sperm/reports/CD300LG.html,False,False,True,True,False,0
CDK1,,,sperm_eliminated,0,0,0,0,0,0,,,,False,False,False,,,,,,False,False,,,sperm/detail/CDK1/CDK1-sperm-evaluation.md,docs/sperm/reports/CDK1.html,False,False,False,False,False,0
CDK2,,,sperm_eliminated,0,0,0,0,0,0,,,,False,False,False,,,,,,False,False,,,sperm/detail/CDK2/CDK2-sperm-evaluation.md,docs/sperm/reports/CDK2.html,False,False,False,False,False,0
CDK20,,,sperm_candidate,0,0,8.0,18.0,0,0,,,,False,False,False,,,,,,True,False,,,sperm/detail/CDK20/CDK20-sperm-evaluation.md,docs/sperm/reports/CDK20.html,False,False,True,True,False,0
CDK5RAP2,,,sperm_eliminated,0,0,0,0,0,0,,,,False,False,False,,,,,,False,False,,,sperm/detail/CDK5RAP2/CDK5RAP2-sperm-evaluation.md,docs/sperm/reports/CDK5RAP2.html,False,False,False,False,False,0
CDKL1,,,sperm_candidate,0,0,7.0,18.0,0,0,,,,False,False,False,,,,,,True,False,,,sperm/detail/CDKL1/CDKL1-sperm-evaluation.md,docs/sperm/reports/CDKL1.html,False,False,True,True,False,0
CENPJ,,,sperm_eliminated,0,0,0,0,0,0,,,,False,False,False,,,,,,False,False,,,sperm/detail/CENPJ/CENPJ-sperm-evaluation.md,docs/sperm/reports/CENPJ.html,False,False,False,False,False,0
CEP120,,,sperm_candidate,0,0,7.0,18.0,0,0,,,,False,False,False,,,,,,True,False,,,sperm/detail/CEP120/CEP120-sperm-evaluation.md,docs/sperm/reports/CEP120.html,False,False,True,True,False,0
CEP131,,,sperm_candidate,0,0,7.0,18.0,0,0,,,,False,False,False,,,,,,True,False,,,sperm/detail/CEP131/CEP131-sperm-evaluation.md,docs/sperm/reports/CEP131.html,False,False,True,True,False,0
CEP135,,,sperm_candidate,0,0,6.0,18.0,0,0,,,,False,False,False,,,,,,True,False,,,sperm/detail/CEP135/CEP135-sperm-evaluation.md,docs/sperm/reports/CEP135.html,False,False,True,True,False,0
CEP162,,,sperm_candidate,0,0,8.0,18.0,0,0,,,,False,False,False,,,,,,True,False,,,sperm/detail/CEP162/CEP162-sperm-evaluation.md,docs/sperm/reports/CEP162.html,False,False,True,True,False,0
CEP164,,,sperm_eliminated,0,0,0,0,0,0,,,,False,False,False,,,,,,False,False,,,sperm/detail/CEP164/CEP164-sperm-evaluation.md,docs/sperm/reports/CEP164.html,False,False,False,False,False,0
CEP290,,,sperm_eliminated,0,0,0,0,0,0,,,,False,False,False,,,,,,False,False,,,sperm/detail/CEP290/CEP290-sperm-evaluation.md,docs/sperm/reports/CEP290.html,False,False,False,False,False,0
CEP350,,,sperm_candidate,0,0,7.0,18.0,0,0,,,,False,False,False,,,,,,True,False,,,sperm/detail/CEP350/CEP350-sperm-evaluation.md,docs/sperm/reports/CEP350.html,False,False,True,True,False,0
CEP55,,,sperm_eliminated,0,0,0,0,0,0,,,,False,False,False,,,,,,False,False,,,sperm/detail/CEP55/CEP55-sperm-evaluation.md,docs/sperm/reports/CEP55.html,False,False,False,False,False,0
CEP76,,,sperm_candidate,0,0,8.0,18.0,0,0,,,,False,False,False,,,,,,True,False,,,sperm/detail/CEP76/CEP76-sperm-evaluation.md,docs/sperm/reports/CEP76.html,False,False,True,True,False,0
CETN1,,,sperm_candidate,0,0,8.0,18.0,0,0,,,,False,False,False,,,,,,True,False,,,sperm/detail/CETN1/CETN1-sperm-evaluation.md,docs/sperm/reports/CETN1.html,False,False,True,True,False,0
CETN2,,,sperm_eliminated,0,0,0,0,0,0,,,,False,False,False,,,,,,False,False,,,sperm/detail/CETN2/CETN2-sperm-evaluation.md,docs/sperm/reports/CETN2.html,False,False,False,False,False,0
CFAP100,,,sperm_candidate,0,0,10.0,18.0,0,0,,,,False,False,False,,,,,,True,False,,,sperm/detail/CFAP100/CFAP100-sperm-evaluation.md,docs/sperm/reports/CFAP100.html,False,False,True,True,False,0
CFAP119,,,sperm_candidate,0,0,10.0,5.0,0,0,,,,False,False,False,,,,,,True,False,,,sperm/detail/CFAP119/CFAP119-sperm-evaluation.md,docs/sperm/reports/CFAP119.html,False,False,True,True,False,0
CFAP126,,,sperm_candidate,0,0,10.0,18.0,0,0,,,,False,False,False,,,,,,True,False,,,sperm/detail/CFAP126/CFAP126-sperm-evaluation.md,docs/sperm/reports/CFAP126.html,False,False,True,True,False,0
CFAP20,,,sperm_candidate,0,0,10.0,18.0,0,0,,,,False,False,False,,,,,,True,False,,,sperm/detail/CFAP20/CFAP20-sperm-evaluation.md,docs/sperm/reports/CFAP20.html,False,False,True,True,False,0
CFAP221,,,sperm_candidate,0,0,8.0,18.0,0,0,,,,False,False,False,,,,,,True,False,,,sperm/detail/CFAP221/CFAP221-sperm-evaluation.md,docs/sperm/reports/CFAP221.html,False,False,True,True,False,0
CFAP251,,,sperm_candidate,0,0,8.0,18.0,0,0,,,,False,False,False,,,,,,True,False,,,sperm/detail/CFAP251/CFAP251-sperm-evaluation.md,docs/sperm/reports/CFAP251.html,False,False,True,True,False,0
CFAP276,,,sperm_candidate,0,0,10.0,5.0,0,0,,,,False,False,False,,,,,,True,False,,,sperm/detail/CFAP276/CFAP276-sperm-evaluation.md,docs/sperm/reports/CFAP276.html,False,False,True,True,False,0
CFAP298,,,sperm_candidate,0,0,8.0,18.0,0,0,,,,False,False,False,,,,,,True,False,,,sperm/detail/CFAP298/CFAP298-sperm-evaluation.md,docs/sperm/reports/CFAP298.html,False,False,True,True,False,0
CFAP43,,,sperm_candidate,0,0,7.0,18.0,0,0,,,,False,False,False,,,,,,True,False,,,sperm/detail/CFAP43/CFAP43-sperm-evaluation.md,docs/sperm/reports/CFAP43.html,False,False,True,True,False,0
CFAP45,,,sperm_candidate,0,0,8.0,18.0,0,0,,,,False,False,False,,,,,,True,False,,,sperm/detail/CFAP45/CFAP45-sperm-evaluation.md,docs/sperm/reports/CFAP45.html,False,False,True,True,False,0
CFAP46,,,sperm_candidate,0,0,8.0,18.0,0,0,,,,False,False,False,,,,,,True,False,,,sperm/detail/CFAP46/CFAP46-sperm-evaluation.md,docs/sperm/reports/CFAP46.html,False,False,True,True,False,0
CFAP58,,,sperm_candidate,0,0,8.0,18.0,0,0,,,,False,False,False,,,,,,True,False,,,sperm/detail/CFAP58/CFAP58-sperm-evaluation.md,docs/sperm/reports/CFAP58.html,False,False,True,True,False,0
CFAP61,,,sperm_candidate,0,0,8.0,18.0,0,0,,,,False,False,False,,,,,,True,False,,,sperm/detail/CFAP61/CFAP61-sperm-evaluation.md,docs/sperm/reports/CFAP61.html,False,False,True,True,False,0
CFAP70,,,sperm_candidate,0,0,8.0,18.0,0,0,,,,False,False,False,,,,,,True,False,,,sperm/detail/CFAP70/CFAP70-sperm-evaluation.md,docs/sperm/reports/CFAP70.html,False,False,True,True,False,0
CFAP95,,,sperm_candidate,0,0,10.0,5.0,0,0,,,,False,False,False,,,,,,True,False,,,sperm/detail/CFAP95/CFAP95-sperm-evaluation.md,docs/sperm/reports/CFAP95.html,False,False,True,True,False,0
CFAP99,,,sperm_candidate,0,0,10.0,18.0,0,0,,,,False,False,False,,,,,,True,False,,,sperm/detail/CFAP99/CFAP99-sperm-evaluation.md,docs/sperm/reports/CFAP99.html,False,False,True,True,False,0
CKLF,,,sperm_eliminated,0,0,0,0,0,0,,,,False,False,False,,,,,,False,False,,,sperm/detail/CKLF/CKLF-sperm-evaluation.md,docs/sperm/reports/CKLF.html,False,False,False,False,False,0
CLGN,,,sperm_candidate,0,0,7.0,18.0,0,0,,,,False,False,False,,,,,,True,False,,,sperm/detail/CLGN/CLGN-sperm-evaluation.md,docs/sperm/reports/CLGN.html,False,False,True,True,False,0
CLIC4,,,sperm_eliminated,0,0,0,0,0,0,,,,False,False,False,,,,,,False,False,,,sperm/detail/CLIC4/CLIC4-sperm-evaluation.md,docs/sperm/reports/CLIC4.html,False,False,False,False,False,0
CLIP1,,,sperm_candidate,0,0,6.0,18.0,0,0,,,,False,False,False,,,,,,True,False,,,sperm/detail/CLIP1/CLIP1-sperm-evaluation.md,docs/sperm/reports/CLIP1.html,False,False,True,True,False,0
CLNS1A,,,sperm_candidate,0,0,6.0,18.0,0,0,,,,False,False,False,,,,,,True,False,,,sperm/detail/CLNS1A/CLNS1A-sperm-evaluation.md,docs/sperm/reports/CLNS1A.html,False,False,True,True,False,0
CLPX,,,sperm_eliminated,0,0,0,0,0,0,,,,False,False,False,,,,,,False,False,,,sperm/detail/CLPX/CLPX-sperm-evaluation.md,docs/sperm/reports/CLPX.html,False,False,False,False,False,0
CLTC,,,sperm_eliminated,0,0,0,0,0,0,,,,False,False,False,,,,,,False,False,,,sperm/detail/CLTC/CLTC-sperm-evaluation.md,docs/sperm/reports/CLTC.html,False,False,False,False,False,0
CLXN,,,sperm_candidate,0,0,10.0,5.0,0,0,,,,False,False,False,,,,,,True,False,,,sperm/detail/CLXN/CLXN-sperm-evaluation.md,docs/sperm/reports/CLXN.html,False,False,True,True,False,0
CNBD2,,,sperm_candidate,0,0,10.0,18.0,0,0,,,,False,False,False,,,,,,True,False,,,sperm/detail/CNBD2/CNBD2-sperm-evaluation.md,docs/sperm/reports/CNBD2.html,False,False,True,True,False,0
CNGA1,,,sperm_eliminated,0,0,0,0,0,0,,,,False,False,False,,,,,,False,False,,,sperm/detail/CNGA1/CNGA1-sperm-evaluation.md,docs/sperm/reports/CNGA1.html,False,False,False,False,False,0
CNGA3,,,sperm_eliminated,0,0,0,0,0,0,,,,False,False,False,,,,,,False,False,,,sperm/detail/CNGA3/CNGA3-sperm-evaluation.md,docs/sperm/reports/CNGA3.html,False,False,False,False,False,0
CNTRL,,,sperm_candidate,0,0,6.0,18.0,0,0,,,,False,False,False,,,,,,True,False,,,sperm/detail/CNTRL/CNTRL-sperm-evaluation.md,docs/sperm/reports/CNTRL.html,False,False,True,True,False,0
CNTROB,,,sperm_candidate,0,0,7.0,18.0,0,0,,,,False,False,False,,,,,,True,False,,,sperm/detail/CNTROB/CNTROB-sperm-evaluation.md,docs/sperm/reports/CNTROB.html,False,False,True,True,False,0
COASY,,,sperm_candidate,0,0,6.0,18.0,0,0,,,,False,False,False,,,,,,True,False,,,sperm/detail/COASY/COASY-sperm-evaluation.md,docs/sperm/reports/COASY.html,False,False,True,True,False,0
COX5B,,,sperm_eliminated,0,0,0,0,0,0,,,,False,False,False,,,,,,False,False,,,sperm/detail/COX5B/COX5B-sperm-evaluation.md,docs/sperm/reports/COX5B.html,False,False,False,False,False,0
COX6A1,,,sperm_candidate,0,0,6.0,18.0,0,0,,,,False,False,False,,,,,,True,False,,,sperm/detail/COX6A1/COX6A1-sperm-evaluation.md,docs/sperm/reports/COX6A1.html,False,False,True,True,False,0
COX6B1,,,sperm_candidate,0,0,7.0,18.0,0,0,,,,False,False,False,,,,,,True,False,,,sperm/detail/COX6B1/COX6B1-sperm-evaluation.md,docs/sperm/reports/COX6B1.html,False,False,True,True,False,0
CPLANE1,,,sperm_candidate,0,0,6.0,18.0,0,0,,,,False,False,False,,,,,,True,False,,,sperm/detail/CPLANE1/CPLANE1-sperm-evaluation.md,docs/sperm/reports/CPLANE1.html,False,False,True,True,False,0
CPS1,,,sperm_eliminated,0,0,0,0,0,0,,,,False,False,False,,,,,,False,False,,,sperm/detail/CPS1/CPS1-sperm-evaluation.md,docs/sperm/reports/CPS1.html,False,False,False,False,False,0
CPTP,,,sperm_eliminated,0,0,0,0,0,0,,,,False,False,False,,,,,,False,False,,,sperm/detail/CPTP/CPTP-sperm-evaluation.md,docs/sperm/reports/CPTP.html,False,False,False,False,False,0
CROCC,,,sperm_candidate,0,0,7.0,18.0,0,0,,,,False,False,False,,,,,,True,False,,,sperm/detail/CROCC/CROCC-sperm-evaluation.md,docs/sperm/reports/CROCC.html,False,False,True,True,False,0
CSNK1D,,,sperm_eliminated,0,0,0,0,0,0,,,,False,False,False,,,,,,False,False,,,sperm/detail/CSNK1D/CSNK1D-sperm-evaluation.md,docs/sperm/reports/CSNK1D.html,False,False,False,False,False,0
CSNK2B,,,sperm_eliminated,0,0,0,0,0,0,,,,False,False,False,,,,,,False,False,,,sperm/detail/CSNK2B/CSNK2B-sperm-evaluation.md,docs/sperm/reports/CSNK2B.html,False,False,False,False,False,0
CTNNA1,,,sperm_eliminated,0,0,0,0,0,0,,,,False,False,False,,,,,,False,False,,,sperm/detail/CTNNA1/CTNNA1-sperm-evaluation.md,docs/sperm/reports/CTNNA1.html,False,False,False,False,False,0
CTXN3,,,sperm_candidate,0,0,8.0,18.0,0,0,,,,False,False,False,,,,,,True,False,,,sperm/detail/CTXN3/CTXN3-sperm-evaluation.md,docs/sperm/reports/CTXN3.html,False,False,True,True,False,0
CXorf66,,,sperm_candidate,0,0,10.0,18.0,0,0,,,,False,False,False,,,,,,True,False,,,sperm/detail/CXorf66/CXorf66-sperm-evaluation.md,docs/sperm/reports/CXorf66.html,False,False,True,True,False,0
CYB5R3,,,sperm_eliminated,0,0,0,0,0,0,,,,False,False,False,,,,,,False,False,,,sperm/detail/CYB5R3/CYB5R3-sperm-evaluation.md,docs/sperm/reports/CYB5R3.html,False,False,False,False,False,0
CYC1,,,sperm_eliminated,0,0,0,0,0,0,,,,False,False,False,,,,,,False,False,,,sperm/detail/CYC1/CYC1-sperm-evaluation.md,docs/sperm/reports/CYC1.html,False,False,False,False,False,0
CYLC1,,,sperm_candidate,0,0,10.0,18.0,0,0,,,,False,False,False,,,,,,True,False,,,sperm/detail/CYLC1/CYLC1-sperm-evaluation.md,docs/sperm/reports/CYLC1.html,False,False,True,True,False,0
CYLC2,,,sperm_candidate,0,0,8.0,18.0,0,0,,,,False,False,False,,,,,,True,False,,,sperm/detail/CYLC2/CYLC2-sperm-evaluation.md,docs/sperm/reports/CYLC2.html,False,False,True,True,False,0
CYLD,,,sperm_eliminated,0,0,0,0,0,0,,,,False,False,False,,,,,,False,False,,,sperm/detail/CYLD/CYLD-sperm-evaluation.md,docs/sperm/reports/CYLD.html,False,False,False,False,False,0
DAW1,,,sperm_candidate,0,0,8.0,18.0,0,0,,,,False,False,False,,,,,,True,False,,,sperm/detail/DAW1/DAW1-sperm-evaluation.md,docs/sperm/reports/DAW1.html,False,False,True,True,False,0
DBNDD1,,,sperm_candidate,0,0,8.0,18.0,0,0,,,,False,False,False,,,,,,True,False,,,sperm/detail/DBNDD1/DBNDD1-sperm-evaluation.md,docs/sperm/reports/DBNDD1.html,False,False,True,True,False,0
DCDC2,,,sperm_eliminated,0,0,0,0,0,0,,,,False,False,False,,,,,,False,False,,,sperm/detail/DCDC2/DCDC2-sperm-evaluation.md,docs/sperm/reports/DCDC2.html,False,False,False,False,False,0
DCDC2C,,,sperm_candidate,0,0,10.0,18.0,0,0,,,,False,False,False,,,,,,True,False,,,sperm/detail/DCDC2C/DCDC2C-sperm-evaluation.md,docs/sperm/reports/DCDC2C.html,False,False,True,True,False,0
DCST1,,,sperm_candidate,0,0,7.0,18.0,0,0,,,,False,False,False,,,,,,True,False,,,sperm/detail/DCST1/DCST1-sperm-evaluation.md,docs/sperm/reports/DCST1.html,False,False,True,True,False,0
DCTN1,,,sperm_eliminated,0,0,0,0,0,0,,,,False,False,False,,,,,,False,False,,,sperm/detail/DCTN1/DCTN1-sperm-evaluation.md,docs/sperm/reports/DCTN1.html,False,False,False,False,False,0
DCTN2,,,sperm_eliminated,0,0,0,0,0,0,,,,False,False,False,,,,,,False,False,,,sperm/detail/DCTN2/DCTN2-sperm-evaluation.md,docs/sperm/reports/DCTN2.html,False,False,False,False,False,0
DCTN3,,,sperm_candidate,0,0,8.0,18.0,0,0,,,,False,False,False,,,,,,True,False,,,sperm/detail/DCTN3/DCTN3-sperm-evaluation.md,docs/sperm/reports/DCTN3.html,False,False,True,True,False,0
DCTN4,,,sperm_candidate,0,0,8.0,18.0,0,0,,,,False,False,False,,,,,,True,False,,,sperm/detail/DCTN4/DCTN4-sperm-evaluation.md,docs/sperm/reports/DCTN4.html,False,False,True,True,False,0
DDB1,,,sperm_eliminated,0,0,0,0,0,0,,,,False,False,False,,,,,,False,False,,,sperm/detail/DDB1/DDB1-sperm-evaluation.md,docs/sperm/reports/DDB1.html,False,False,False,False,False,0
DIABLO,,,sperm_eliminated,0,0,0,0,0,0,,,,False,False,False,,,,,,False,False,,,sperm/detail/DIABLO/DIABLO-sperm-evaluation.md,docs/sperm/reports/DIABLO.html,False,False,False,False,False,0
DKKL1,,,sperm_candidate,0,0,7.0,18.0,0,0,,,,False,False,False,,,,,,True,False,,,sperm/detail/DKKL1/DKKL1-sperm-evaluation.md,docs/sperm/reports/DKKL1.html,False,False,True,True,False,0
DLAT,,,sperm_eliminated,0,0,0,0,0,0,,,,False,False,False,,,,,,False,False,,,sperm/detail/DLAT/DLAT-sperm-evaluation.md,docs/sperm/reports/DLAT.html,False,False,False,False,False,0
DLD,,,sperm_eliminated,0,0,0,0,0,0,,,,False,False,False,,,,,,False,False,,,sperm/detail/DLD/DLD-sperm-evaluation.md,docs/sperm/reports/DLD.html,False,False,False,False,False,0
DNAAF11,,,sperm_candidate,0,0,8.0,5.0,0,0,,,,False,False,False,,,,,,True,False,,,sperm/detail/DNAAF11/DNAAF11-sperm-evaluation.md,docs/sperm/reports/DNAAF11.html,False,False,True,True,False,0
DNAAF4,,,sperm_candidate,0,0,6.0,18.0,0,0,,,,False,False,False,,,,,,True,False,,,sperm/detail/DNAAF4/DNAAF4-sperm-evaluation.md,docs/sperm/reports/DNAAF4.html,False,False,True,True,False,0
DNAAF6,,,sperm_candidate,0,0,8.0,18.0,0,0,,,,False,False,False,,,,,,True,False,,,sperm/detail/DNAAF6/DNAAF6-sperm-evaluation.md,docs/sperm/reports/DNAAF6.html,False,False,True,True,False,0
DNAH10,,,sperm_candidate,0,0,7.0,18.0,0,0,,,,False,False,False,,,,,,True,False,,,sperm/detail/DNAH10/DNAH10-sperm-evaluation.md,docs/sperm/reports/DNAH10.html,False,False,True,True,False,0
DNAH12,,,sperm_candidate,0,0,8.0,18.0,0,0,,,,False,False,False,,,,,,True,False,,,sperm/detail/DNAH12/DNAH12-sperm-evaluation.md,docs/sperm/reports/DNAH12.html,False,False,True,True,False,0
DNAH17,,,sperm_candidate,0,0,6.0,5.0,0,0,,,,False,False,False,,,,,,True,False,,,sperm/detail/DNAH17/DNAH17-sperm-evaluation.md,docs/sperm/reports/DNAH17.html,False,False,True,True,False,0
DNAH2,,,sperm_candidate,0,0,7.0,18.0,0,0,,,,False,False,False,,,,,,True,False,,,sperm/detail/DNAH2/DNAH2-sperm-evaluation.md,docs/sperm/reports/DNAH2.html,False,False,True,True,False,0
DNAH3,,,sperm_candidate,0,0,7.0,18.0,0,0,,,,False,False,False,,,,,,True,False,,,sperm/detail/DNAH3/DNAH3-sperm-evaluation.md,docs/sperm/reports/DNAH3.html,False,False,True,True,False,0
DNAH6,,,sperm_candidate,0,0,7.0,18.0,0,0,,,,False,False,False,,,,,,True,False,,,sperm/detail/DNAH6/DNAH6-sperm-evaluation.md,docs/sperm/reports/DNAH6.html,False,False,True,True,False,0
DNAH7,,,sperm_candidate,0,0,7.0,18.0,0,0,,,,False,False,False,,,,,,True,False,,,sperm/detail/DNAH7/DNAH7-sperm-evaluation.md,docs/sperm/reports/DNAH7.html,False,False,True,True,False,0
DNAH8,,,sperm_candidate,0,0,7.0,18.0,0,0,,,,False,False,False,,,,,,True,False,,,sperm/detail/DNAH8/DNAH8-sperm-evaluation.md,docs/sperm/reports/DNAH8.html,False,False,True,True,False,0
DNAH9,,,sperm_candidate,0,0,6.0,18.0,0,0,,,,False,False,False,,,,,,True,False,,,sperm/detail/DNAH9/DNAH9-sperm-evaluation.md,docs/sperm/reports/DNAH9.html,False,False,True,True,False,0
DNAI1,,,sperm_eliminated,0,0,0,0,0,0,,,,False,False,False,,,,,,False,False,,,sperm/detail/DNAI1/DNAI1-sperm-evaluation.md,docs/sperm/reports/DNAI1.html,False,False,False,False,False,0
DNAI2,,,sperm_candidate,0,0,7.0,5.0,0,0,,,,False,False,False,,,,,,True,False,,,sperm/detail/DNAI2/DNAI2-sperm-evaluation.md,docs/sperm/reports/DNAI2.html,False,False,True,True,False,0
DNAI3,,,sperm_candidate,0,0,10.0,18.0,0,0,,,,False,False,False,,,,,,True,False,,,sperm/detail/DNAI3/DNAI3-sperm-evaluation.md,docs/sperm/reports/DNAI3.html,False,False,True,True,False,0
DNAI4,,,sperm_candidate,0,0,10.0,18.0,0,0,,,,False,False,False,,,,,,True,False,,,sperm/detail/DNAI4/DNAI4-sperm-evaluation.md,docs/sperm/reports/DNAI4.html,False,False,True,True,False,0
DNAJB13,,,sperm_candidate,0,0,7.0,18.0,0,0,,,,False,False,False,,,,,,True,False,,,sperm/detail/DNAJB13/DNAJB13-sperm-evaluation.md,docs/sperm/reports/DNAJB13.html,False,False,True,True,False,0
DNAJC5,,,sperm_candidate,0,0,6.0,18.0,0,0,,,,False,False,False,,,,,,True,False,,,sperm/detail/DNAJC5/DNAJC5-sperm-evaluation.md,docs/sperm/reports/DNAJC5.html,False,False,True,True,False,0
DNAL1,,,sperm_candidate,0,0,7.0,18.0,0,0,,,,False,False,False,,,,,,True,False,,,sperm/detail/DNAL1/DNAL1-sperm-evaluation.md,docs/sperm/reports/DNAL1.html,False,False,True,True,False,0
DNAL4,,,sperm_candidate,0,0,10.0,18.0,0,0,,,,False,False,False,,,,,,True,False,,,sperm/detail/DNAL4/DNAL4-sperm-evaluation.md,docs/sperm/reports/DNAL4.html,False,False,True,True,False,0
DNALI1,,,sperm_candidate,0,0,7.0,18.0,0,0,,,,False,False,False,,,,,,True,False,,,sperm/detail/DNALI1/DNALI1-sperm-evaluation.md,docs/sperm/reports/DNALI1.html,False,False,True,True,False,0
DNHD1,,,sperm_candidate,0,0,8.0,18.0,0,0,,,,False,False,False,,,,,,True,False,,,sperm/detail/DNHD1/DNHD1-sperm-evaluation.md,docs/sperm/reports/DNHD1.html,False,False,True,True,False,0
DRC3,,,sperm_candidate,0,0,8.0,18.0,0,0,,,,False,False,False,,,,,,True,False,,,sperm/detail/DRC3/DRC3-sperm-evaluation.md,docs/sperm/reports/DRC3.html,False,False,True,True,False,0
DUSP21,,,sperm_candidate,0,0,10.0,18.0,0,0,,,,False,False,False,,,,,,True,False,,,sperm/detail/DUSP21/DUSP21-sperm-evaluation.md,docs/sperm/reports/DUSP21.html,False,False,True,True,False,0
DYDC1,,,sperm_candidate,0,0,10.0,5.0,0,0,,,,False,False,False,,,,,,True,False,,,sperm/detail/DYDC1/DYDC1-sperm-evaluation.md,docs/sperm/reports/DYDC1.html,False,False,True,True,False,0
DYDC2,,,sperm_candidate,0,0,10.0,18.0,0,0,,,,False,False,False,,,,,,True,False,,,sperm/detail/DYDC2/DYDC2-sperm-evaluation.md,docs/sperm/reports/DYDC2.html,False,False,True,True,False,0
DYNC1H1,,,sperm_eliminated,0,0,0,0,0,0,,,,False,False,False,,,,,,False,False,,,sperm/detail/DYNC1H1/DYNC1H1-sperm-evaluation.md,docs/sperm/reports/DYNC1H1.html,False,False,False,False,False,0
DYNC1I2,,,sperm_candidate,0,0,8.0,18.0,0,0,,,,False,False,False,,,,,,True,False,,,sperm/detail/DYNC1I2/DYNC1I2-sperm-evaluation.md,docs/sperm/reports/DYNC1I2.html,False,False,True,True,False,0
DYNC1LI2,,,sperm_candidate,0,0,8.0,18.0,0,0,,,,False,False,False,,,,,,True,False,,,sperm/detail/DYNC1LI2/DYNC1LI2-sperm-evaluation.md,docs/sperm/reports/DYNC1LI2.html,False,False,True,True,False,0
DYNC2H1,,,sperm_eliminated,0,0,0,0,0,0,,,,False,False,False,,,,,,False,False,,,sperm/detail/DYNC2H1/DYNC2H1-sperm-evaluation.md,docs/sperm/reports/DYNC2H1.html,False,False,False,False,False,0
DYNC2LI1,,,sperm_candidate,0,0,8.0,18.0,0,0,,,,False,False,False,,,,,,True,False,,,sperm/detail/DYNC2LI1/DYNC2LI1-sperm-evaluation.md,docs/sperm/reports/DYNC2LI1.html,False,False,True,True,False,0
DYNLL1,,,sperm_eliminated,0,0,0,0,0,0,,,,False,False,False,,,,,,False,False,,,sperm/detail/DYNLL1/DYNLL1-sperm-evaluation.md,docs/sperm/reports/DYNLL1.html,False,False,False,False,False,0
DYNLL2,,,sperm_candidate,0,0,7.0,18.0,0,0,,,,False,False,False,,,,,,True,False,,,sperm/detail/DYNLL2/DYNLL2-sperm-evaluation.md,docs/sperm/reports/DYNLL2.html,False,False,True,True,False,0
DYNLT1,,,sperm_candidate,0,0,6.0,18.0,0,0,,,,False,False,False,,,,,,True,False,,,sperm/detail/DYNLT1/DYNLT1-sperm-evaluation.md,docs/sperm/reports/DYNLT1.html,False,False,True,True,False,0
DYSF,,,sperm_eliminated,0,0,0,0,0,0,,,,False,False,False,,,,,,False,False,,,sperm/detail/DYSF/DYSF-sperm-evaluation.md,docs/sperm/reports/DYSF.html,False,False,False,False,False,0
EFCAB2,,,sperm_candidate,0,0,8.0,18.0,0,0,,,,False,False,False,,,,,,True,False,,,sperm/detail/EFCAB2/EFCAB2-sperm-evaluation.md,docs/sperm/reports/EFCAB2.html,False,False,True,True,False,0
EFCAB6,,,sperm_candidate,0,0,8.0,18.0,0,0,,,,False,False,False,,,,,,True,False,,,sperm/detail/EFCAB6/EFCAB6-sperm-evaluation.md,docs/sperm/reports/EFCAB6.html,False,False,True,True,False,0
EFHB,,,sperm_candidate,0,0,8.0,18.0,0,0,,,,False,False,False,,,,,,True,False,,,sperm/detail/EFHB/EFHB-sperm-evaluation.md,docs/sperm/reports/EFHB.html,False,False,True,True,False,0
EFHC1,,,sperm_candidate,0,0,6.0,18.0,0,0,,,,False,False,False,,,,,,True,False,,,sperm/detail/EFHC1/EFHC1-sperm-evaluation.md,docs/sperm/reports/EFHC1.html,False,False,True,True,False,0
EGFR,,,sperm_eliminated,0,0,0,0,0,0,,,,False,False,False,,,,,,False,False,,,sperm/detail/EGFR/EGFR-sperm-evaluation.md,docs/sperm/reports/EGFR.html,False,False,False,False,False,0
EML4,,,sperm_eliminated,0,0,0,0,0,0,,,,False,False,False,,,,,,False,False,,,sperm/detail/EML4/EML4-sperm-evaluation.md,docs/sperm/reports/EML4.html,False,False,False,False,False,0
ENKUR,,,sperm_candidate,0,0,8.0,18.0,0,0,,,,False,False,False,,,,,,True,False,,,sperm/detail/ENKUR/ENKUR-sperm-evaluation.md,docs/sperm/reports/ENKUR.html,False,False,True,True,False,0
ENSG00000111780,,,sperm_candidate,0,0,10.0,18.0,0,0,,,,False,False,False,,,,,,True,False,,,sperm/detail/ENSG00000111780/ENSG00000111780-sperm-evaluation.md,docs/sperm/reports/ENSG00000111780.html,False,False,True,True,False,0
ENSG00000198211,,,sperm_candidate,0,0,10.0,18.0,0,0,,,,False,False,False,,,,,,True,False,,,sperm/detail/ENSG00000198211/ENSG00000198211-sperm-evaluation.md,docs/sperm/reports/ENSG00000198211.html,False,False,True,True,False,0
ENSG00000251569,,,sperm_candidate,0,0,10.0,18.0,0,0,,,,False,False,False,,,,,,True,False,,,sperm/detail/ENSG00000251569/ENSG00000251569-sperm-evaluation.md,docs/sperm/reports/ENSG00000251569.html,False,False,True,True,False,0
ENSG00000256500,,,sperm_candidate,0,0,10.0,18.0,0,0,,,,False,False,False,,,,,,True,False,,,sperm/detail/ENSG00000256500/ENSG00000256500-sperm-evaluation.md,docs/sperm/reports/ENSG00000256500.html,False,False,True,True,False,0
ENSG00000267740,,,sperm_candidate,0,0,10.0,18.0,0,0,,,,False,False,False,,,,,,True,False,,,sperm/detail/ENSG00000267740/ENSG00000267740-sperm-evaluation.md,docs/sperm/reports/ENSG00000267740.html,False,False,True,True,False,0
ENSG00000271254,,,sperm_candidate,0,0,10.0,18.0,0,0,,,,False,False,False,,,,,,True,False,,,sperm/detail/ENSG00000271254/ENSG00000271254-sperm-evaluation.md,docs/sperm/reports/ENSG00000271254.html,False,False,True,True,False,0
ENSG00000282218,,,sperm_candidate,0,0,10.0,9.0,0,0,,,,False,False,False,,,,,,True,False,,,sperm/detail/ENSG00000282218/ENSG00000282218-sperm-evaluation.md,docs/sperm/reports/ENSG00000282218.html,False,False,True,True,False,0
ENSG00000285827,,,sperm_candidate,0,0,10.0,18.0,0,0,,,,False,False,False,,,,,,True,False,,,sperm/detail/ENSG00000285827/ENSG00000285827-sperm-evaluation.md,docs/sperm/reports/ENSG00000285827.html,False,False,True,True,False,0
ENSG00000286185,,,sperm_candidate,0,0,10.0,18.0,0,0,,,,False,False,False,,,,,,True,False,,,sperm/detail/ENSG00000286185/ENSG00000286185-sperm-evaluation.md,docs/sperm/reports/ENSG00000286185.html,False,False,True,True,False,0
EPHA6,,,sperm_candidate,0,0,6.0,18.0,0,0,,,,False,False,False,,,,,,True,False,,,sperm/detail/EPHA6/EPHA6-sperm-evaluation.md,docs/sperm/reports/EPHA6.html,False,False,True,True,False,0
EPHA7,,,sperm_eliminated,0,0,0,0,0,0,,,,False,False,False,,,,,,False,False,,,sperm/detail/EPHA7/EPHA7-sperm-evaluation.md,docs/sperm/reports/EPHA7.html,False,False,False,False,False,0
EPRS1,,,sperm_candidate,0,0,8.0,18.0,0,0,,,,False,False,False,,,,,,True,False,,,sperm/detail/EPRS1/EPRS1-sperm-evaluation.md,docs/sperm/reports/EPRS1.html,False,False,True,True,False,0
EXOC3L2,,,sperm_candidate,0,0,8.0,18.0,0,0,,,,False,False,False,,,,,,True,False,,,sperm/detail/EXOC3L2/EXOC3L2-sperm-evaluation.md,docs/sperm/reports/EXOC3L2.html,False,False,True,True,False,0
EYS,,,sperm_eliminated,0,0,0,0,0,0,,,,False,False,False,,,,,,False,False,,,sperm/detail/EYS/EYS-sperm-evaluation.md,docs/sperm/reports/EYS.html,False,False,False,False,False,0
FAF1,,,sperm_eliminated,0,0,0,0,0,0,,,,False,False,False,,,,,,False,False,,,sperm/detail/FAF1/FAF1-sperm-evaluation.md,docs/sperm/reports/FAF1.html,False,False,False,False,False,0
FAM161A,,,sperm_candidate,0,0,6.0,18.0,0,0,,,,False,False,False,,,,,,True,False,,,sperm/detail/FAM161A/FAM161A-sperm-evaluation.md,docs/sperm/reports/FAM161A.html,False,False,True,True,False,0
FAM166A,,,sperm_candidate,0,0,10.0,18.0,0,0,,,,False,False,False,,,,,,True,False,,,sperm/detail/FAM166A/FAM166A-sperm-evaluation.md,docs/sperm/reports/FAM166A.html,False,False,True,True,False,0
FAM177B,,,sperm_candidate,0,0,10.0,15.0,0,0,,,,False,False,False,,,,,,True,False,,,sperm/detail/FAM177B/FAM177B-sperm-evaluation.md,docs/sperm/reports/FAM177B.html,False,False,True,True,False,0
FAM183A,,,sperm_candidate,0,0,10.0,18.0,0,0,,,,False,False,False,,,,,,True,False,,,sperm/detail/FAM183A/FAM183A-sperm-evaluation.md,docs/sperm/reports/FAM183A.html,False,False,True,True,False,0
FAM187A,,,sperm_candidate,0,0,10.0,15.0,0,0,,,,False,False,False,,,,,,True,False,,,sperm/detail/FAM187A/FAM187A-sperm-evaluation.md,docs/sperm/reports/FAM187A.html,False,False,True,True,False,0
FAM205A,,,sperm_candidate,0,0,10.0,18.0,0,0,,,,False,False,False,,,,,,True,False,,,sperm/detail/FAM205A/FAM205A-sperm-evaluation.md,docs/sperm/reports/FAM205A.html,False,False,True,True,False,0
FAM9A,,,sperm_candidate,0,0,10.0,18.0,0,0,,,,False,False,False,,,,,,True,False,,,sperm/detail/FAM9A/FAM9A-sperm-evaluation.md,docs/sperm/reports/FAM9A.html,False,False,True,True,False,0
FLACC1,,,sperm_candidate,0,0,10.0,18.0,0,0,,,,False,False,False,,,,,,True,False,,,sperm/detail/FLACC1/FLACC1-sperm-evaluation.md,docs/sperm/reports/FLACC1.html,False,False,True,True,False,0
FLAD1,,,sperm_candidate,0,0,7.0,18.0,0,0,,,,False,False,False,,,,,,True,False,,,sperm/detail/FLAD1/FLAD1-sperm-evaluation.md,docs/sperm/reports/FLAD1.html,False,False,True,True,False,0
FMR1NB,,,sperm_candidate,0,0,10.0,18.0,0,0,,,,False,False,False,,,,,,True,False,,,sperm/detail/FMR1NB/FMR1NB-sperm-evaluation.md,docs/sperm/reports/FMR1NB.html,False,False,True,True,False,0
FSCB,,,sperm_candidate,0,0,8.0,18.0,0,0,,,,False,False,False,,,,,,True,False,,,sperm/detail/FSCB/FSCB-sperm-evaluation.md,docs/sperm/reports/FSCB.html,False,False,True,True,False,0
FSIP1,,,sperm_candidate,0,0,8.0,18.0,0,0,,,,False,False,False,,,,,,True,False,,,sperm/detail/FSIP1/FSIP1-sperm-evaluation.md,docs/sperm/reports/FSIP1.html,False,False,True,True,False,0
FSIP2,,,sperm_candidate,0,0,7.0,18.0,0,0,,,,False,False,False,,,,,,True,False,,,sperm/detail/FSIP2/FSIP2-sperm-evaluation.md,docs/sperm/reports/FSIP2.html,False,False,True,True,False,0
FYB2,,,sperm_candidate,0,0,10.0,18.0,0,0,,,,False,False,False,,,,,,True,False,,,sperm/detail/FYB2/FYB2-sperm-evaluation.md,docs/sperm/reports/FYB2.html,False,False,True,True,False,0
G6PC1,,,sperm_candidate,0,0,6.0,18.0,0,0,,,,False,False,False,,,,,,True,False,,,sperm/detail/G6PC1/G6PC1-sperm-evaluation.md,docs/sperm/reports/G6PC1.html,False,False,True,True,False,0
GAPDHS,,,sperm_eliminated,0,0,0,0,0,0,,,,False,False,False,,,,,,False,False,,,sperm/detail/GAPDHS/GAPDHS-sperm-evaluation.md,docs/sperm/reports/GAPDHS.html,False,False,False,False,False,0
GAS8,,,sperm_candidate,0,0,6.0,18.0,0,0,,,,False,False,False,,,,,,True,False,,,sperm/detail/GAS8/GAS8-sperm-evaluation.md,docs/sperm/reports/GAS8.html,False,False,True,True,False,0
GLG1,,,sperm_candidate,0,0,7.0,18.0,0,0,,,,False,False,False,,,,,,True,False,,,sperm/detail/GLG1/GLG1-sperm-evaluation.md,docs/sperm/reports/GLG1.html,False,False,True,True,False,0
GLUL,,,sperm_eliminated,0,0,0,0,0,0,,,,False,False,False,,,,,,False,False,,,sperm/detail/GLUL/GLUL-sperm-evaluation.md,docs/sperm/reports/GLUL.html,False,False,False,False,False,0
GNAI1,,,sperm_eliminated,0,0,0,0,0,0,,,,False,False,False,,,,,,False,False,,,sperm/detail/GNAI1/GNAI1-sperm-evaluation.md,docs/sperm/reports/GNAI1.html,False,False,False,False,False,0
GNAI3,,,sperm_eliminated,0,0,0,0,0,0,,,,False,False,False,,,,,,False,False,,,sperm/detail/GNAI3/GNAI3-sperm-evaluation.md,docs/sperm/reports/GNAI3.html,False,False,False,False,False,0
GNAT1,,,sperm_eliminated,0,0,0,0,0,0,,,,False,False,False,,,,,,False,False,,,sperm/detail/GNAT1/GNAT1-sperm-evaluation.md,docs/sperm/reports/GNAT1.html,False,False,False,False,False,0
GOPC,,,sperm_eliminated,0,0,0,0,0,0,,,,False,False,False,,,,,,False,False,,,sperm/detail/GOPC/GOPC-sperm-evaluation.md,docs/sperm/reports/GOPC.html,False,False,False,False,False,0
GPIHBP1,,,sperm_eliminated,0,0,0,0,0,0,,,,False,False,False,,,,,,False,False,,,sperm/detail/GPIHBP1/GPIHBP1-sperm-evaluation.md,docs/sperm/reports/GPIHBP1.html,False,False,False,False,False,0
GRK1,,,sperm_eliminated,0,0,0,0,0,0,,,,False,False,False,,,,,,False,False,,,sperm/detail/GRK1/GRK1-sperm-evaluation.md,docs/sperm/reports/GRK1.html,False,False,False,False,False,0
GRK4,,,sperm_eliminated,0,0,0,0,0,0,,,,False,False,False,,,,,,False,False,,,sperm/detail/GRK4/GRK4-sperm-evaluation.md,docs/sperm/reports/GRK4.html,False,False,False,False,False,0
GZMB,,,sperm_eliminated,0,0,0,0,0,0,,,,False,False,False,,,,,,False,False,,,sperm/detail/GZMB/GZMB-sperm-evaluation.md,docs/sperm/reports/GZMB.html,False,False,False,False,False,0
H1-7,,,sperm_candidate,0,0,7.0,18.0,0,0,,,,False,False,False,,,,,,True,False,,,sperm/detail/H1-7/H1-7-sperm-evaluation.md,docs/sperm/reports/H1-7.html,False,False,True,True,False,0
HADHB,,,sperm_eliminated,0,0,0,0,0,0,,,,False,False,False,,,,,,False,False,,,sperm/detail/HADHB/HADHB-sperm-evaluation.md,docs/sperm/reports/HADHB.html,False,False,False,False,False,0
HAUS1,,,sperm_candidate,0,0,8.0,18.0,0,0,,,,False,False,False,,,,,,True,False,,,sperm/detail/HAUS1/HAUS1-sperm-evaluation.md,docs/sperm/reports/HAUS1.html,False,False,True,True,False,0
HAUS6,,,sperm_candidate,0,0,8.0,18.0,0,0,,,,False,False,False,,,,,,True,False,,,sperm/detail/HAUS6/HAUS6-sperm-evaluation.md,docs/sperm/reports/HAUS6.html,False,False,True,True,False,0
HAUS7,,,sperm_candidate,0,0,10.0,18.0,0,0,,,,False,False,False,,,,,,True,False,,,sperm/detail/HAUS7/HAUS7-sperm-evaluation.md,docs/sperm/reports/HAUS7.html,False,False,True,True,False,0
HIP1,,,sperm_eliminated,0,0,0,0,0,0,,,,False,False,False,,,,,,False,False,,,sperm/detail/HIP1/HIP1-sperm-evaluation.md,docs/sperm/reports/HIP1.html,False,False,False,False,False,0
HMGB2,,,sperm_eliminated,0,0,0,0,0,0,,,,False,False,False,,,,,,False,False,,,sperm/detail/HMGB2/HMGB2-sperm-evaluation.md,docs/sperm/reports/HMGB2.html,False,False,False,False,False,0
HPRT1,,,sperm_eliminated,0,0,0,0,0,0,,,,False,False,False,,,,,,False,False,,,sperm/detail/HPRT1/HPRT1-sperm-evaluation.md,docs/sperm/reports/HPRT1.html,False,False,False,False,False,0
HSPA1A,,,sperm_eliminated,0,0,0,0,0,0,,,,False,False,False,,,,,,False,False,,,sperm/detail/HSPA1A/HSPA1A-sperm-evaluation.md,docs/sperm/reports/HSPA1A.html,False,False,False,False,False,0
HSPA1B,,,sperm_eliminated,0,0,0,0,0,0,,,,False,False,False,,,,,,False,False,,,sperm/detail/HSPA1B/HSPA1B-sperm-evaluation.md,docs/sperm/reports/HSPA1B.html,False,False,False,False,False,0
HSPA1L,,,sperm_eliminated,0,0,0,0,0,0,,,,False,False,False,,,,,,False,False,,,sperm/detail/HSPA1L/HSPA1L-sperm-evaluation.md,docs/sperm/reports/HSPA1L.html,False,False,False,False,False,0
HSPA2,,,sperm_eliminated,0,0,0,0,0,0,,,,False,False,False,,,,,,False,False,,,sperm/detail/HSPA2/HSPA2-sperm-evaluation.md,docs/sperm/reports/HSPA2.html,False,False,False,False,False,0
HSPA4L,,,sperm_candidate,0,0,6.0,18.0,0,0,,,,False,False,False,,,,,,True,False,,,sperm/detail/HSPA4L/HSPA4L-sperm-evaluation.md,docs/sperm/reports/HSPA4L.html,False,False,True,True,False,0
HSPA5,,,sperm_eliminated,0,0,0,0,0,0,,,,False,False,False,,,,,,False,False,,,sperm/detail/HSPA5/HSPA5-sperm-evaluation.md,docs/sperm/reports/HSPA5.html,False,False,False,False,False,0
HSPA6,,,sperm_eliminated,0,0,0,0,0,0,,,,False,False,False,,,,,,False,False,,,sperm/detail/HSPA6/HSPA6-sperm-evaluation.md,docs/sperm/reports/HSPA6.html,False,False,False,False,False,0
HSPA8,,,sperm_eliminated,0,0,0,0,0,0,,,,False,False,False,,,,,,False,False,,,sperm/detail/HSPA8/HSPA8-sperm-evaluation.md,docs/sperm/reports/HSPA8.html,False,False,False,False,False,0
HSPB11,,,sperm_candidate,0,0,7.0,18.0,0,0,,,,False,False,False,,,,,,True,False,,,sperm/detail/HSPB11/HSPB11-sperm-evaluation.md,docs/sperm/reports/HSPB11.html,False,False,True,True,False,0
HUWE1,,,sperm_eliminated,0,0,0,0,0,0,,,,False,False,False,,,,,,False,False,,,sperm/detail/HUWE1/HUWE1-sperm-evaluation.md,docs/sperm/reports/HUWE1.html,False,False,False,False,False,0
HYDIN,,,sperm_eliminated,0,0,0,0,0,0,,,,False,False,False,,,,,,False,False,,,sperm/detail/HYDIN/HYDIN-sperm-evaluation.md,docs/sperm/reports/HYDIN.html,False,False,False,False,False,0
IFT122,,,sperm_candidate,0,0,7.0,18.0,0,0,,,,False,False,False,,,,,,True,False,,,sperm/detail/IFT122/IFT122-sperm-evaluation.md,docs/sperm/reports/IFT122.html,False,False,True,True,False,0
IFT20,,,sperm_eliminated,0,0,0,0,0,0,,,,False,False,False,,,,,,False,False,,,sperm/detail/IFT20/IFT20-sperm-evaluation.md,docs/sperm/reports/IFT20.html,False,False,False,False,False,0
IFT22,,,sperm_candidate,0,0,8.0,18.0,0,0,,,,False,False,False,,,,,,True,False,,,sperm/detail/IFT22/IFT22-sperm-evaluation.md,docs/sperm/reports/IFT22.html,False,False,True,True,False,0
IFT43,,,sperm_candidate,0,0,7.0,18.0,0,0,,,,False,False,False,,,,,,True,False,,,sperm/detail/IFT43/IFT43-sperm-evaluation.md,docs/sperm/reports/IFT43.html,False,False,True,True,False,0
IFT46,,,sperm_candidate,0,0,7.0,18.0,0,0,,,,False,False,False,,,,,,True,False,,,sperm/detail/IFT46/IFT46-sperm-evaluation.md,docs/sperm/reports/IFT46.html,False,False,True,True,False,0
IFT57,,,sperm_candidate,0,0,6.0,18.0,0,0,,,,False,False,False,,,,,,True,False,,,sperm/detail/IFT57/IFT57-sperm-evaluation.md,docs/sperm/reports/IFT57.html,False,False,True,True,False,0
IFT88,,,sperm_eliminated,0,0,0,0,0,0,,,,False,False,False,,,,,,False,False,,,sperm/detail/IFT88/IFT88-sperm-evaluation.md,docs/sperm/reports/IFT88.html,False,False,False,False,False,0
IL4I1,,,sperm_eliminated,0,0,0,0,0,0,,,,False,False,False,,,,,,False,False,,,sperm/detail/IL4I1/IL4I1-sperm-evaluation.md,docs/sperm/reports/IL4I1.html,False,False,False,False,False,0
IMMP2L,,,sperm_candidate,0,0,6.0,18.0,0,0,,,,False,False,False,,,,,,True,False,,,sperm/detail/IMMP2L/IMMP2L-sperm-evaluation.md,docs/sperm/reports/IMMP2L.html,False,False,True,True,False,0
IMPG1,,,sperm_candidate,0,0,7.0,18.0,0,0,,,,False,False,False,,,,,,True,False,,,sperm/detail/IMPG1/IMPG1-sperm-evaluation.md,docs/sperm/reports/IMPG1.html,False,False,True,True,False,0
IPO8,,,sperm_candidate,0,0,6.0,18.0,0,0,,,,False,False,False,,,,,,True,False,,,sperm/detail/IPO8/IPO8-sperm-evaluation.md,docs/sperm/reports/IPO8.html,False,False,True,True,False,0
IQCA1,,,sperm_candidate,0,0,10.0,18.0,0,0,,,,False,False,False,,,,,,True,False,,,sperm/detail/IQCA1/IQCA1-sperm-evaluation.md,docs/sperm/reports/IQCA1.html,False,False,True,True,False,0
IQCD,,,sperm_candidate,0,0,8.0,18.0,0,0,,,,False,False,False,,,,,,True,False,,,sperm/detail/IQCD/IQCD-sperm-evaluation.md,docs/sperm/reports/IQCD.html,False,False,True,True,False,0
IQCH,,,sperm_candidate,0,0,8.0,15.0,0,0,,,,False,False,False,,,,,,True,False,,,sperm/detail/IQCH/IQCH-sperm-evaluation.md,docs/sperm/reports/IQCH.html,False,False,True,True,False,0
IQCN,,,sperm_candidate,0,0,10.0,18.0,0,0,,,,False,False,False,,,,,,True,False,,,sperm/detail/IQCN/IQCN-sperm-evaluation.md,docs/sperm/reports/IQCN.html,False,False,True,True,False,0
IQUB,,,sperm_candidate,0,0,8.0,18.0,0,0,,,,False,False,False,,,,,,True,False,,,sperm/detail/IQUB/IQUB-sperm-evaluation.md,docs/sperm/reports/IQUB.html,False,False,True,True,False,0
ITGB6,,,sperm_eliminated,0,0,0,0,0,0,,,,False,False,False,,,,,,False,False,,,sperm/detail/ITGB6/ITGB6-sperm-evaluation.md,docs/sperm/reports/ITGB6.html,False,False,False,False,False,0
ITLN1,,,sperm_eliminated,0,0,0,0,0,0,,,,False,False,False,,,,,,False,False,,,sperm/detail/ITLN1/ITLN1-sperm-evaluation.md,docs/sperm/reports/ITLN1.html,False,False,False,False,False,0
ITPR2,,,sperm_eliminated,0,0,0,0,0,0,,,,False,False,False,,,,,,False,False,,,sperm/detail/ITPR2/ITPR2-sperm-evaluation.md,docs/sperm/reports/ITPR2.html,False,False,False,False,False,0
IZUMO2,,,sperm_candidate,0,0,10.0,18.0,0,0,,,,False,False,False,,,,,,True,False,,,sperm/detail/IZUMO2/IZUMO2-sperm-evaluation.md,docs/sperm/reports/IZUMO2.html,False,False,True,True,False,0
IZUMO3,,,sperm_candidate,0,0,10.0,18.0,0,0,,,,False,False,False,,,,,,True,False,,,sperm/detail/IZUMO3/IZUMO3-sperm-evaluation.md,docs/sperm/reports/IZUMO3.html,False,False,True,True,False,0
IZUMO4,,,sperm_candidate,0,0,8.0,18.0,0,0,,,,False,False,False,,,,,,True,False,,,sperm/detail/IZUMO4/IZUMO4-sperm-evaluation.md,docs/sperm/reports/IZUMO4.html,False,False,True,True,False,0
KCNU1,,,sperm_candidate,0,0,7.0,18.0,0,0,,,,False,False,False,,,,,,True,False,,,sperm/detail/KCNU1/KCNU1-sperm-evaluation.md,docs/sperm/reports/KCNU1.html,False,False,True,True,False,0
KCTD16,,,sperm_candidate,0,0,7.0,18.0,0,0,,,,False,False,False,,,,,,True,False,,,sperm/detail/KCTD16/KCTD16-sperm-evaluation.md,docs/sperm/reports/KCTD16.html,False,False,True,True,False,0
KDR,,,sperm_eliminated,0,0,0,0,0,0,,,,False,False,False,,,,,,False,False,,,sperm/detail/KDR/KDR-sperm-evaluation.md,docs/sperm/reports/KDR.html,False,False,False,False,False,0
KIF11,,,sperm_eliminated,0,0,0,0,0,0,,,,False,False,False,,,,,,False,False,,,sperm/detail/KIF11/KIF11-sperm-evaluation.md,docs/sperm/reports/KIF11.html,False,False,False,False,False,0
KIF12,,,sperm_candidate,0,0,7.0,18.0,0,0,,,,False,False,False,,,,,,True,False,,,sperm/detail/KIF12/KIF12-sperm-evaluation.md,docs/sperm/reports/KIF12.html,False,False,True,True,False,0
KIF13A,,,sperm_candidate,0,0,6.0,18.0,0,0,,,,False,False,False,,,,,,True,False,,,sperm/detail/KIF13A/KIF13A-sperm-evaluation.md,docs/sperm/reports/KIF13A.html,False,False,True,True,False,0
KIF14,,,sperm_eliminated,0,0,0,0,0,0,,,,False,False,False,,,,,,False,False,,,sperm/detail/KIF14/KIF14-sperm-evaluation.md,docs/sperm/reports/KIF14.html,False,False,False,False,False,0
KIF17,,,sperm_eliminated,0,0,0,0,0,0,,,,False,False,False,,,,,,False,False,,,sperm/detail/KIF17/KIF17-sperm-evaluation.md,docs/sperm/reports/KIF17.html,False,False,False,False,False,0
KIF1B,,,sperm_eliminated,0,0,0,0,0,0,,,,False,False,False,,,,,,False,False,,,sperm/detail/KIF1B/KIF1B-sperm-evaluation.md,docs/sperm/reports/KIF1B.html,False,False,False,False,False,0
KIF1C,,,sperm_candidate,0,0,6.0,18.0,0,0,,,,False,False,False,,,,,,True,False,,,sperm/detail/KIF1C/KIF1C-sperm-evaluation.md,docs/sperm/reports/KIF1C.html,False,False,True,True,False,0
KIF20B,,,sperm_candidate,0,0,6.0,18.0,0,0,,,,False,False,False,,,,,,True,False,,,sperm/detail/KIF20B/KIF20B-sperm-evaluation.md,docs/sperm/reports/KIF20B.html,False,False,True,True,False,0
KIF21B,,,sperm_candidate,0,0,6.0,18.0,0,0,,,,False,False,False,,,,,,True,False,,,sperm/detail/KIF21B/KIF21B-sperm-evaluation.md,docs/sperm/reports/KIF21B.html,False,False,True,True,False,0
KIF23,,,sperm_eliminated,0,0,0,0,0,0,,,,False,False,False,,,,,,False,False,,,sperm/detail/KIF23/KIF23-sperm-evaluation.md,docs/sperm/reports/KIF23.html,False,False,False,False,False,0
KIF26A,,,sperm_candidate,0,0,8.0,18.0,0,0,,,,False,False,False,,,,,,True,False,,,sperm/detail/KIF26A/KIF26A-sperm-evaluation.md,docs/sperm/reports/KIF26A.html,False,False,True,True,False,0
KIF2A,,,sperm_eliminated,0,0,0,0,0,0,,,,False,False,False,,,,,,False,False,,,sperm/detail/KIF2A/KIF2A-sperm-evaluation.md,docs/sperm/reports/KIF2A.html,False,False,False,False,False,0
KIF2B,,,sperm_candidate,0,0,8.0,18.0,0,0,,,,False,False,False,,,,,,True,False,,,sperm/detail/KIF2B/KIF2B-sperm-evaluation.md,docs/sperm/reports/KIF2B.html,False,False,True,True,False,0
KIF3B,,,sperm_eliminated,0,0,0,0,0,0,,,,False,False,False,,,,,,False,False,,,sperm/detail/KIF3B/KIF3B-sperm-evaluation.md,docs/sperm/reports/KIF3B.html,False,False,False,False,False,0
KIF4A,,,sperm_eliminated,0,0,0,0,0,0,,,,False,False,False,,,,,,False,False,,,sperm/detail/KIF4A/KIF4A-sperm-evaluation.md,docs/sperm/reports/KIF4A.html,False,False,False,False,False,0
KIF4B,,,sperm_candidate,0,0,8.0,18.0,0,0,,,,False,False,False,,,,,,True,False,,,sperm/detail/KIF4B/KIF4B-sperm-evaluation.md,docs/sperm/reports/KIF4B.html,False,False,True,True,False,0
KIF5A,,,sperm_eliminated,0,0,0,0,0,0,,,,False,False,False,,,,,,False,False,,,sperm/detail/KIF5A/KIF5A-sperm-evaluation.md,docs/sperm/reports/KIF5A.html,False,False,False,False,False,0
KIF5B,,,sperm_eliminated,0,0,0,0,0,0,,,,False,False,False,,,,,,False,False,,,sperm/detail/KIF5B/KIF5B-sperm-evaluation.md,docs/sperm/reports/KIF5B.html,False,False,False,False,False,0
KIF5C,,,sperm_eliminated,0,0,0,0,0,0,,,,False,False,False,,,,,,False,False,,,sperm/detail/KIF5C/KIF5C-sperm-evaluation.md,docs/sperm/reports/KIF5C.html,False,False,False,False,False,0
KIF9,,,sperm_candidate,0,0,7.0,18.0,0,0,,,,False,False,False,,,,,,True,False,,,sperm/detail/KIF9/KIF9-sperm-evaluation.md,docs/sperm/reports/KIF9.html,False,False,True,True,False,0
KLB,,,sperm_eliminated,0,0,0,0,0,0,,,,False,False,False,,,,,,False,False,,,sperm/detail/KLB/KLB-sperm-evaluation.md,docs/sperm/reports/KLB.html,False,False,False,False,False,0
KLC1,,,sperm_eliminated,0,0,0,0,0,0,,,,False,False,False,,,,,,False,False,,,sperm/detail/KLC1/KLC1-sperm-evaluation.md,docs/sperm/reports/KLC1.html,False,False,False,False,False,0
KLHL10,,,sperm_candidate,0,0,7.0,18.0,0,0,,,,False,False,False,,,,,,True,False,,,sperm/detail/KLHL10/KLHL10-sperm-evaluation.md,docs/sperm/reports/KLHL10.html,False,False,True,True,False,0
KRT31,,,sperm_candidate,0,0,8.0,18.0,0,0,,,,False,False,False,,,,,,True,False,,,sperm/detail/KRT31/KRT31-sperm-evaluation.md,docs/sperm/reports/KRT31.html,False,False,True,True,False,0
KRT33A,,,sperm_candidate,0,0,10.0,18.0,0,0,,,,False,False,False,,,,,,True,False,,,sperm/detail/KRT33A/KRT33A-sperm-evaluation.md,docs/sperm/reports/KRT33A.html,False,False,True,True,False,0
KRT33B,,,sperm_candidate,0,0,10.0,18.0,0,0,,,,False,False,False,,,,,,True,False,,,sperm/detail/KRT33B/KRT33B-sperm-evaluation.md,docs/sperm/reports/KRT33B.html,False,False,True,True,False,0
KRT34,,,sperm_candidate,0,0,8.0,18.0,0,0,,,,False,False,False,,,,,,True,False,,,sperm/detail/KRT34/KRT34-sperm-evaluation.md,docs/sperm/reports/KRT34.html,False,False,True,True,False,0
KRT39,,,sperm_candidate,0,0,10.0,18.0,0,0,,,,False,False,False,,,,,,True,False,,,sperm/detail/KRT39/KRT39-sperm-evaluation.md,docs/sperm/reports/KRT39.html,False,False,True,True,False,0
LANCL1,,,sperm_candidate,0,0,6.0,18.0,0,0,,,,False,False,False,,,,,,True,False,,,sperm/detail/LANCL1/LANCL1-sperm-evaluation.md,docs/sperm/reports/LANCL1.html,False,False,True,True,False,0
LAP3,,,sperm_eliminated,0,0,0,0,0,0,,,,False,False,False,,,,,,False,False,,,sperm/detail/LAP3/LAP3-sperm-evaluation.md,docs/sperm/reports/LAP3.html,False,False,False,False,False,0
LCA5L,,,sperm_candidate,0,0,10.0,18.0,0,0,,,,False,False,False,,,,,,True,False,,,sperm/detail/LCA5L/LCA5L-sperm-evaluation.md,docs/sperm/reports/LCA5L.html,False,False,True,True,False,0
LDHC,,,sperm_eliminated,0,0,0,0,0,0,,,,False,False,False,,,,,,False,False,,,sperm/detail/LDHC/LDHC-sperm-evaluation.md,docs/sperm/reports/LDHC.html,False,False,False,False,False,0
LNPK,,,sperm_candidate,0,0,8.0,18.0,0,0,,,,False,False,False,,,,,,True,False,,,sperm/detail/LNPK/LNPK-sperm-evaluation.md,docs/sperm/reports/LNPK.html,False,False,True,True,False,0
LRIT1,,,sperm_candidate,0,0,10.0,18.0,0,0,,,,False,False,False,,,,,,True,False,,,sperm/detail/LRIT1/LRIT1-sperm-evaluation.md,docs/sperm/reports/LRIT1.html,False,False,True,True,False,0
LRPPRC,,,sperm_eliminated,0,0,0,0,0,0,,,,False,False,False,,,,,,False,False,,,sperm/detail/LRPPRC/LRPPRC-sperm-evaluation.md,docs/sperm/reports/LRPPRC.html,False,False,False,False,False,0
LRRC45,,,sperm_candidate,0,0,8.0,18.0,0,0,,,,False,False,False,,,,,,True,False,,,sperm/detail/LRRC45/LRRC45-sperm-evaluation.md,docs/sperm/reports/LRRC45.html,False,False,True,True,False,0
LY6K,,,sperm_candidate,0,0,6.0,18.0,0,0,,,,False,False,False,,,,,,True,False,,,sperm/detail/LY6K/LY6K-sperm-evaluation.md,docs/sperm/reports/LY6K.html,False,False,True,True,False,0
LYZL4,,,sperm_candidate,0,0,8.0,18.0,0,0,,,,False,False,False,,,,,,True,False,,,sperm/detail/LYZL4/LYZL4-sperm-evaluation.md,docs/sperm/reports/LYZL4.html,False,False,True,True,False,0
MAG,,,sperm_eliminated,0,0,0,0,0,0,,,,False,False,False,,,,,,False,False,,,sperm/detail/MAG/MAG-sperm-evaluation.md,docs/sperm/reports/MAG.html,False,False,False,False,False,0
MAK,,,sperm_eliminated,0,0,0,0,0,0,,,,False,False,False,,,,,,False,False,,,sperm/detail/MAK/MAK-sperm-evaluation.md,docs/sperm/reports/MAK.html,False,False,False,False,False,0
MAP1A,,,sperm_eliminated,0,0,0,0,0,0,,,,False,False,False,,,,,,False,False,,,sperm/detail/MAP1A/MAP1A-sperm-evaluation.md,docs/sperm/reports/MAP1A.html,False,False,False,False,False,0
MAP1B,,,sperm_eliminated,0,0,0,0,0,0,,,,False,False,False,,,,,,False,False,,,sperm/detail/MAP1B/MAP1B-sperm-evaluation.md,docs/sperm/reports/MAP1B.html,False,False,False,False,False,0
MAP1S,,,sperm_candidate,0,0,6.0,18.0,0,0,,,,False,False,False,,,,,,True,False,,,sperm/detail/MAP1S/MAP1S-sperm-evaluation.md,docs/sperm/reports/MAP1S.html,False,False,True,True,False,0
MAP2K2,,,sperm_eliminated,0,0,0,0,0,0,,,,False,False,False,,,,,,False,False,,,sperm/detail/MAP2K2/MAP2K2-sperm-evaluation.md,docs/sperm/reports/MAP2K2.html,False,False,False,False,False,0
MAP4,,,sperm_eliminated,0,0,0,0,0,0,,,,False,False,False,,,,,,False,False,,,sperm/detail/MAP4/MAP4-sperm-evaluation.md,docs/sperm/reports/MAP4.html,False,False,False,False,False,0
MAPT,,,sperm_eliminated,0,0,0,0,0,0,,,,False,False,False,,,,,,False,False,,,sperm/detail/MAPT/MAPT-sperm-evaluation.md,docs/sperm/reports/MAPT.html,False,False,False,False,False,0
MARS1,,,sperm_candidate,0,0,6.0,18.0,0,0,,,,False,False,False,,,,,,True,False,,,sperm/detail/MARS1/MARS1-sperm-evaluation.md,docs/sperm/reports/MARS1.html,False,False,True,True,False,0
MDM2,,,sperm_eliminated,0,0,0,0,0,0,,,,False,False,False,,,,,,False,False,,,sperm/detail/MDM2/MDM2-sperm-evaluation.md,docs/sperm/reports/MDM2.html,False,False,False,False,False,0
MERTK,,,sperm_eliminated,0,0,0,0,0,0,,,,False,False,False,,,,,,False,False,,,sperm/detail/MERTK/MERTK-sperm-evaluation.md,docs/sperm/reports/MERTK.html,False,False,False,False,False,0
MFF,,,sperm_eliminated,0,0,0,0,0,0,,,,False,False,False,,,,,,False,False,,,sperm/detail/MFF/MFF-sperm-evaluation.md,docs/sperm/reports/MFF.html,False,False,False,False,False,0
MLF1,,,sperm_eliminated,0,0,0,0,0,0,,,,False,False,False,,,,,,False,False,,,sperm/detail/MLF1/MLF1-sperm-evaluation.md,docs/sperm/reports/MLF1.html,False,False,False,False,False,0
MNS1,,,sperm_candidate,0,0,6.0,18.0,0,0,,,,False,False,False,,,,,,True,False,,,sperm/detail/MNS1/MNS1-sperm-evaluation.md,docs/sperm/reports/MNS1.html,False,False,True,True,False,0
MOK,,,sperm_eliminated,0,0,0,0,0,0,,,,False,False,False,,,,,,False,False,,,sperm/detail/MOK/MOK-sperm-evaluation.md,docs/sperm/reports/MOK.html,False,False,False,False,False,0
MPC1,,,sperm_eliminated,0,0,0,0,0,0,,,,False,False,False,,,,,,False,False,,,sperm/detail/MPC1/MPC1-sperm-evaluation.md,docs/sperm/reports/MPC1.html,False,False,False,False,False,0
MROH2B,,,sperm_candidate,0,0,10.0,18.0,0,0,,,,False,False,False,,,,,,True,False,,,sperm/detail/MROH2B/MROH2B-sperm-evaluation.md,docs/sperm/reports/MROH2B.html,False,False,True,True,False,0
MRPS35,,,sperm_candidate,0,0,8.0,18.0,0,0,,,,False,False,False,,,,,,True,False,,,sperm/detail/MRPS35/MRPS35-sperm-evaluation.md,docs/sperm/reports/MRPS35.html,False,False,True,True,False,0
MSGN1,,,sperm_candidate,0,0,7.0,18.0,0,0,,,,False,False,False,,,,,,True,False,,,sperm/detail/MSGN1/MSGN1-sperm-evaluation.md,docs/sperm/reports/MSGN1.html,False,False,True,True,False,0
MSH4,,,sperm_eliminated,0,0,0,0,0,0,,,,False,False,False,,,,,,False,False,,,sperm/detail/MSH4/MSH4-sperm-evaluation.md,docs/sperm/reports/MSH4.html,False,False,False,False,False,0
MT-CO1,,,sperm_eliminated,0,0,0,0,0,0,,,,False,False,False,,,,,,False,False,,,sperm/detail/MT-CO1/MT-CO1-sperm-evaluation.md,docs/sperm/reports/MT-CO1.html,False,False,False,False,False,0
MYO5A,,,sperm_eliminated,0,0,0,0,0,0,,,,False,False,False,,,,,,False,False,,,sperm/detail/MYO5A/MYO5A-sperm-evaluation.md,docs/sperm/reports/MYO5A.html,False,False,False,False,False,0
NBPF1,,,sperm_candidate,0,0,7.0,18.0,0,0,,,,False,False,False,,,,,,True,False,,,sperm/detail/NBPF1/NBPF1-sperm-evaluation.md,docs/sperm/reports/NBPF1.html,False,False,True,True,False,0
NBPF10,,,sperm_candidate,0,0,10.0,18.0,0,0,,,,False,False,False,,,,,,True,False,,,sperm/detail/NBPF10/NBPF10-sperm-evaluation.md,docs/sperm/reports/NBPF10.html,False,False,True,True,False,0
NBPF11,,,sperm_candidate,0,0,10.0,18.0,0,0,,,,False,False,False,,,,,,True,False,,,sperm/detail/NBPF11/NBPF11-sperm-evaluation.md,docs/sperm/reports/NBPF11.html,False,False,True,True,False,0
NBPF12,,,sperm_candidate,0,0,10.0,18.0,0,0,,,,False,False,False,,,,,,True,False,,,sperm/detail/NBPF12/NBPF12-sperm-evaluation.md,docs/sperm/reports/NBPF12.html,False,False,True,True,False,0
NBPF14,,,sperm_candidate,0,0,10.0,18.0,0,0,,,,False,False,False,,,,,,True,False,,,sperm/detail/NBPF14/NBPF14-sperm-evaluation.md,docs/sperm/reports/NBPF14.html,False,False,True,True,False,0
NBPF15,,,sperm_candidate,0,0,10.0,18.0,0,0,,,,False,False,False,,,,,,True,False,,,sperm/detail/NBPF15/NBPF15-sperm-evaluation.md,docs/sperm/reports/NBPF15.html,False,False,True,True,False,0
NBPF19,,,sperm_candidate,0,0,10.0,18.0,0,0,,,,False,False,False,,,,,,True,False,,,sperm/detail/NBPF19/NBPF19-sperm-evaluation.md,docs/sperm/reports/NBPF19.html,False,False,True,True,False,0
NBPF20,,,sperm_candidate,0,0,10.0,18.0,0,0,,,,False,False,False,,,,,,True,False,,,sperm/detail/NBPF20/NBPF20-sperm-evaluation.md,docs/sperm/reports/NBPF20.html,False,False,True,True,False,0
NBPF26,,,sperm_candidate,0,0,10.0,18.0,0,0,,,,False,False,False,,,,,,True,False,,,sperm/detail/NBPF26/NBPF26-sperm-evaluation.md,docs/sperm/reports/NBPF26.html,False,False,True,True,False,0
NBPF8,,,sperm_candidate,0,0,10.0,5.0,0,0,,,,False,False,False,,,,,,True,False,,,sperm/detail/NBPF8/NBPF8-sperm-evaluation.md,docs/sperm/reports/NBPF8.html,False,False,True,True,False,0
NBPF9,,,sperm_candidate,0,0,10.0,15.0,0,0,,,,False,False,False,,,,,,True,False,,,sperm/detail/NBPF9/NBPF9-sperm-evaluation.md,docs/sperm/reports/NBPF9.html,False,False,True,True,False,0
NDRG1,,,sperm_eliminated,0,0,0,0,0,0,,,,False,False,False,,,,,,False,False,,,sperm/detail/NDRG1/NDRG1-sperm-evaluation.md,docs/sperm/reports/NDRG1.html,False,False,False,False,False,0
NDUFA11,,,sperm_candidate,0,0,7.0,18.0,0,0,,,,False,False,False,,,,,,True,False,,,sperm/detail/NDUFA11/NDUFA11-sperm-evaluation.md,docs/sperm/reports/NDUFA11.html,False,False,True,True,False,0
NDUFA6,,,sperm_candidate,0,0,7.0,18.0,0,0,,,,False,False,False,,,,,,True,False,,,sperm/detail/NDUFA6/NDUFA6-sperm-evaluation.md,docs/sperm/reports/NDUFA6.html,False,False,True,True,False,0
NDUFA8,,,sperm_candidate,0,0,7.0,18.0,0,0,,,,False,False,False,,,,,,True,False,,,sperm/detail/NDUFA8/NDUFA8-sperm-evaluation.md,docs/sperm/reports/NDUFA8.html,False,False,True,True,False,0
NDUFB11,,,sperm_candidate,0,0,7.0,18.0,0,0,,,,False,False,False,,,,,,True,False,,,sperm/detail/NDUFB11/NDUFB11-sperm-evaluation.md,docs/sperm/reports/NDUFB11.html,False,False,True,True,False,0
NDUFB4,,,sperm_low_priority,0,0,7.0,5.0,0,0,,,,False,False,False,,,,,,True,False,,,sperm/detail/NDUFB4/NDUFB4-sperm-evaluation.md,docs/sperm/reports/NDUFB4.html,False,False,True,True,False,0
NDUFS2,,,sperm_eliminated,0,0,0,0,0,0,,,,False,False,False,,,,,,False,False,,,sperm/detail/NDUFS2/NDUFS2-sperm-evaluation.md,docs/sperm/reports/NDUFS2.html,False,False,False,False,False,0
NDUFS3,,,sperm_eliminated,0,0,0,0,0,0,,,,False,False,False,,,,,,False,False,,,sperm/detail/NDUFS3/NDUFS3-sperm-evaluation.md,docs/sperm/reports/NDUFS3.html,False,False,False,False,False,0
NDUFS4,,,sperm_eliminated,0,0,0,0,0,0,,,,False,False,False,,,,,,False,False,,,sperm/detail/NDUFS4/NDUFS4-sperm-evaluation.md,docs/sperm/reports/NDUFS4.html,False,False,False,False,False,0
NSF,,,sperm_eliminated,0,0,0,0,0,0,,,,False,False,False,,,,,,False,False,,,sperm/detail/NSF/NSF-sperm-evaluation.md,docs/sperm/reports/NSF.html,False,False,False,False,False,0
NT5C1B,,,sperm_candidate,0,0,10.0,18.0,0,0,,,,False,False,False,,,,,,True,False,,,sperm/detail/NT5C1B/NT5C1B-sperm-evaluation.md,docs/sperm/reports/NT5C1B.html,False,False,True,True,False,0
NT5C1B-RDH14,,,sperm_candidate,0,0,10.0,18.0,0,0,,,,False,False,False,,,,,,True,False,,,sperm/detail/NT5C1B-RDH14/NT5C1B-RDH14-sperm-evaluation.md,docs/sperm/reports/NT5C1B-RDH14.html,False,False,True,True,False,0
NUBP1,,,sperm_candidate,0,0,7.0,18.0,0,0,,,,False,False,False,,,,,,True,False,,,sperm/detail/NUBP1/NUBP1-sperm-evaluation.md,docs/sperm/reports/NUBP1.html,False,False,True,True,False,0
NUDCD3,,,sperm_candidate,0,0,8.0,18.0,0,0,,,,False,False,False,,,,,,True,False,,,sperm/detail/NUDCD3/NUDCD3-sperm-evaluation.md,docs/sperm/reports/NUDCD3.html,False,False,True,True,False,0
NUDT5,,,sperm_candidate,0,0,6.0,18.0,0,0,,,,False,False,False,,,,,,True,False,,,sperm/detail/NUDT5/NUDT5-sperm-evaluation.md,docs/sperm/reports/NUDT5.html,False,False,True,True,False,0
OAZ3,,,sperm_candidate,0,0,8.0,18.0,0,0,,,,False,False,False,,,,,,True,False,,,sperm/detail/OAZ3/OAZ3-sperm-evaluation.md,docs/sperm/reports/OAZ3.html,False,False,True,True,False,0
ODAD1,,,sperm_candidate,0,0,8.0,5.0,0,0,,,,False,False,False,,,,,,True,False,,,sperm/detail/ODAD1/ODAD1-sperm-evaluation.md,docs/sperm/reports/ODAD1.html,False,False,True,True,False,0
ODAD2,,,sperm_candidate,0,0,8.0,5.0,0,0,,,,False,False,False,,,,,,True,False,,,sperm/detail/ODAD2/ODAD2-sperm-evaluation.md,docs/sperm/reports/ODAD2.html,False,False,True,True,False,0
ODAD3,,,sperm_candidate,0,0,8.0,5.0,0,0,,,,False,False,False,,,,,,True,False,,,sperm/detail/ODAD3/ODAD3-sperm-evaluation.md,docs/sperm/reports/ODAD3.html,False,False,True,True,False,0
ODAD4,,,sperm_candidate,0,0,10.0,5.0,0,0,,,,False,False,False,,,,,,True,False,,,sperm/detail/ODAD4/ODAD4-sperm-evaluation.md,docs/sperm/reports/ODAD4.html,False,False,True,True,False,0
ODF1,,,sperm_eliminated,0,0,0,0,0,0,,,,False,False,False,,,,,,False,False,,,sperm/detail/ODF1/ODF1-sperm-evaluation.md,docs/sperm/reports/ODF1.html,False,False,False,False,False,0
ODF2,,,sperm_eliminated,0,0,0,0,0,0,,,,False,False,False,,,,,,False,False,,,sperm/detail/ODF2/ODF2-sperm-evaluation.md,docs/sperm/reports/ODF2.html,False,False,False,False,False,0
ODF3,,,sperm_candidate,0,0,8.0,18.0,0,0,,,,False,False,False,,,,,,True,False,,,sperm/detail/ODF3/ODF3-sperm-evaluation.md,docs/sperm/reports/ODF3.html,False,False,True,True,False,0
ODF3L2,,,sperm_candidate,0,0,10.0,5.0,0,0,,,,False,False,False,,,,,,True,False,,,sperm/detail/ODF3L2/ODF3L2-sperm-evaluation.md,docs/sperm/reports/ODF3L2.html,False,False,True,True,False,0
ODF4,,,sperm_candidate,0,0,8.0,18.0,0,0,,,,False,False,False,,,,,,True,False,,,sperm/detail/ODF4/ODF4-sperm-evaluation.md,docs/sperm/reports/ODF4.html,False,False,True,True,False,0
OFD1,,,sperm_eliminated,0,0,0,0,0,0,,,,False,False,False,,,,,,False,False,,,sperm/detail/OFD1/OFD1-sperm-evaluation.md,docs/sperm/reports/OFD1.html,False,False,False,False,False,0
OR10Q1,,,sperm_candidate,0,0,10.0,18.0,0,0,,,,False,False,False,,,,,,True,False,,,sperm/detail/OR10Q1/OR10Q1-sperm-evaluation.md,docs/sperm/reports/OR10Q1.html,False,False,True,True,False,0
OR6P1,,,sperm_candidate,0,0,10.0,18.0,0,0,,,,False,False,False,,,,,,True,False,,,sperm/detail/OR6P1/OR6P1-sperm-evaluation.md,docs/sperm/reports/OR6P1.html,False,False,True,True,False,0
P3R3URF-PIK3R3,,,sperm_candidate,0,0,10.0,18.0,0,0,,,,False,False,False,,,,,,True,False,,,sperm/detail/P3R3URF-PIK3R3/P3R3URF-PIK3R3-sperm-evaluation.md,docs/sperm/reports/P3R3URF-PIK3R3.html,False,False,True,True,False,0
PACRG,,,sperm_eliminated,0,0,0,0,0,0,,,,False,False,False,,,,,,False,False,,,sperm/detail/PACRG/PACRG-sperm-evaluation.md,docs/sperm/reports/PACRG.html,False,False,False,False,False,0
PAFAH1B1,,,sperm_eliminated,0,0,0,0,0,0,,,,False,False,False,,,,,,False,False,,,sperm/detail/PAFAH1B1/PAFAH1B1-sperm-evaluation.md,docs/sperm/reports/PAFAH1B1.html,False,False,False,False,False,0
PARK7,,,sperm_eliminated,0,0,0,0,0,0,,,,False,False,False,,,,,,False,False,,,sperm/detail/PARK7/PARK7-sperm-evaluation.md,docs/sperm/reports/PARK7.html,False,False,False,False,False,0
PCNT,,,sperm_eliminated,0,0,0,0,0,0,,,,False,False,False,,,,,,False,False,,,sperm/detail/PCNT/PCNT-sperm-evaluation.md,docs/sperm/reports/PCNT.html,False,False,False,False,False,0
PFKM,,,sperm_eliminated,0,0,0,0,0,0,,,,False,False,False,,,,,,False,False,,,sperm/detail/PFKM/PFKM-sperm-evaluation.md,docs/sperm/reports/PFKM.html,False,False,False,False,False,0
PGAM1,,,sperm_eliminated,0,0,0,0,0,0,,,,False,False,False,,,,,,False,False,,,sperm/detail/PGAM1/PGAM1-sperm-evaluation.md,docs/sperm/reports/PGAM1.html,False,False,False,False,False,0
PGAM4,,,sperm_candidate,0,0,10.0,18.0,0,0,,,,False,False,False,,,,,,True,False,,,sperm/detail/PGAM4/PGAM4-sperm-evaluation.md,docs/sperm/reports/PGAM4.html,False,False,True,True,False,0
PGK1,,,sperm_eliminated,0,0,0,0,0,0,,,,False,False,False,,,,,,False,False,,,sperm/detail/PGK1/PGK1-sperm-evaluation.md,docs/sperm/reports/PGK1.html,False,False,False,False,False,0
PGK2,,,sperm_eliminated,0,0,0,0,0,0,,,,False,False,False,,,,,,False,False,,,sperm/detail/PGK2/PGK2-sperm-evaluation.md,docs/sperm/reports/PGK2.html,False,False,False,False,False,0
PGPEP1L,,,sperm_candidate,0,0,10.0,18.0,0,0,,,,False,False,False,,,,,,True,False,,,sperm/detail/PGPEP1L/PGPEP1L-sperm-evaluation.md,docs/sperm/reports/PGPEP1L.html,False,False,True,True,False,0
PGRMC1,,,sperm_eliminated,0,0,0,0,0,0,,,,False,False,False,,,,,,False,False,,,sperm/detail/PGRMC1/PGRMC1-sperm-evaluation.md,docs/sperm/reports/PGRMC1.html,False,False,False,False,False,0
PGS1,,,sperm_eliminated,0,0,0,0,0,0,,,,False,False,False,,,,,,False,False,,,sperm/detail/PGS1/PGS1-sperm-evaluation.md,docs/sperm/reports/PGS1.html,False,False,False,False,False,0
PHC1,,,sperm_eliminated,0,0,0,0,0,0,,,,False,False,False,,,,,,False,False,,,sperm/detail/PHC1/PHC1-sperm-evaluation.md,docs/sperm/reports/PHC1.html,False,False,False,False,False,0
PIERCE1,,,sperm_candidate,0,0,10.0,18.0,0,0,,,,False,False,False,,,,,,True,False,,,sperm/detail/PIERCE1/PIERCE1-sperm-evaluation.md,docs/sperm/reports/PIERCE1.html,False,False,True,True,False,0
PIK3R3,,,sperm_eliminated,0,0,0,0,0,0,,,,False,False,False,,,,,,False,False,,,sperm/detail/PIK3R3/PIK3R3-sperm-evaluation.md,docs/sperm/reports/PIK3R3.html,False,False,False,False,False,0
PKHD1L1,,,sperm_candidate,0,0,7.0,18.0,0,0,,,,False,False,False,,,,,,True,False,,,sperm/detail/PKHD1L1/PKHD1L1-sperm-evaluation.md,docs/sperm/reports/PKHD1L1.html,False,False,True,True,False,0
PKM,,,sperm_eliminated,0,0,0,0,0,0,,,,False,False,False,,,,,,False,False,,,sperm/detail/PKM/PKM-sperm-evaluation.md,docs/sperm/reports/PKM.html,False,False,False,False,False,0
PLCB4,,,sperm_eliminated,0,0,0,0,0,0,,,,False,False,False,,,,,,False,False,,,sperm/detail/PLCB4/PLCB4-sperm-evaluation.md,docs/sperm/reports/PLCB4.html,False,False,False,False,False,0
PLPP3,,,sperm_candidate,0,0,6.0,18.0,0,0,,,,False,False,False,,,,,,True,False,,,sperm/detail/PLPP3/PLPP3-sperm-evaluation.md,docs/sperm/reports/PLPP3.html,False,False,True,True,False,0
PMFBP1,,,sperm_candidate,0,0,8.0,18.0,0,0,,,,False,False,False,,,,,,True,False,,,sperm/detail/PMFBP1/PMFBP1-sperm-evaluation.md,docs/sperm/reports/PMFBP1.html,False,False,True,True,False,0
PNPLA5,,,sperm_candidate,0,0,8.0,5.0,0,0,,,,False,False,False,,,,,,True,False,,,sperm/detail/PNPLA5/PNPLA5-sperm-evaluation.md,docs/sperm/reports/PNPLA5.html,False,False,True,True,False,0
POC1A,,,sperm_candidate,0,0,7.0,18.0,0,0,,,,False,False,False,,,,,,True,False,,,sperm/detail/POC1A/POC1A-sperm-evaluation.md,docs/sperm/reports/POC1A.html,False,False,True,True,False,0
POC1B,,,sperm_candidate,0,0,7.0,18.0,0,0,,,,False,False,False,,,,,,True,False,,,sperm/detail/POC1B/POC1B-sperm-evaluation.md,docs/sperm/reports/POC1B.html,False,False,True,True,False,0
PPP1CA,,,sperm_eliminated,0,0,0,0,0,0,,,,False,False,False,,,,,,False,False,,,sperm/detail/PPP1CA/PPP1CA-sperm-evaluation.md,docs/sperm/reports/PPP1CA.html,False,False,False,False,False,0
PPP1R32,,,sperm_candidate,0,0,10.0,18.0,0,0,,,,False,False,False,,,,,,True,False,,,sperm/detail/PPP1R32/PPP1R32-sperm-evaluation.md,docs/sperm/reports/PPP1R32.html,False,False,True,True,False,0
PPP1R3D,,,sperm_candidate,0,0,8.0,18.0,0,0,,,,False,False,False,,,,,,True,False,,,sperm/detail/PPP1R3D/PPP1R3D-sperm-evaluation.md,docs/sperm/reports/PPP1R3D.html,False,False,True,True,False,0
PPP2R3A,,,sperm_candidate,0,0,7.0,18.0,0,0,,,,False,False,False,,,,,,True,False,,,sperm/detail/PPP2R3A/PPP2R3A-sperm-evaluation.md,docs/sperm/reports/PPP2R3A.html,False,False,True,True,False,0
PPP2R5E,,,sperm_candidate,0,0,7.0,18.0,0,0,,,,False,False,False,,,,,,True,False,,,sperm/detail/PPP2R5E/PPP2R5E-sperm-evaluation.md,docs/sperm/reports/PPP2R5E.html,False,False,True,True,False,0
PPP3CA,,,sperm_eliminated,0,0,0,0,0,0,,,,False,False,False,,,,,,False,False,,,sperm/detail/PPP3CA/PPP3CA-sperm-evaluation.md,docs/sperm/reports/PPP3CA.html,False,False,False,False,False,0
PPP3CB,,,sperm_candidate,0,0,6.0,18.0,0,0,,,,False,False,False,,,,,,True,False,,,sperm/detail/PPP3CB/PPP3CB-sperm-evaluation.md,docs/sperm/reports/PPP3CB.html,False,False,True,True,False,0
PPP3CC,,,sperm_candidate,0,0,6.0,18.0,0,0,,,,False,False,False,,,,,,True,False,,,sperm/detail/PPP3CC/PPP3CC-sperm-evaluation.md,docs/sperm/reports/PPP3CC.html,False,False,True,True,False,0
PPP4R1,,,sperm_candidate,0,0,10.0,18.0,0,0,,,,False,False,False,,,,,,True,False,,,sperm/detail/PPP4R1/PPP4R1-sperm-evaluation.md,docs/sperm/reports/PPP4R1.html,False,False,True,True,False,0
PRKAR2A,,,sperm_eliminated,0,0,0,0,0,0,,,,False,False,False,,,,,,False,False,,,sperm/detail/PRKAR2A/PRKAR2A-sperm-evaluation.md,docs/sperm/reports/PRKAR2A.html,False,False,False,False,False,0
PRKCZ,,,sperm_eliminated,0,0,0,0,0,0,,,,False,False,False,,,,,,False,False,,,sperm/detail/PRKCZ/PRKCZ-sperm-evaluation.md,docs/sperm/reports/PRKCZ.html,False,False,False,False,False,0
PROM2,,,sperm_candidate,0,0,6.0,18.0,0,0,,,,False,False,False,,,,,,True,False,,,sperm/detail/PROM2/PROM2-sperm-evaluation.md,docs/sperm/reports/PROM2.html,False,False,True,True,False,0
PRSS21,,,sperm_candidate,0,0,7.0,18.0,0,0,,,,False,False,False,,,,,,True,False,,,sperm/detail/PRSS21/PRSS21-sperm-evaluation.md,docs/sperm/reports/PRSS21.html,False,False,True,True,False,0
PRSS55,,,sperm_candidate,0,0,8.0,18.0,0,0,,,,False,False,False,,,,,,True,False,,,sperm/detail/PRSS55/PRSS55-sperm-evaluation.md,docs/sperm/reports/PRSS55.html,False,False,True,True,False,0
PSD3,,,sperm_candidate,0,0,6.0,18.0,0,0,,,,False,False,False,,,,,,True,False,,,sperm/detail/PSD3/PSD3-sperm-evaluation.md,docs/sperm/reports/PSD3.html,False,False,True,True,False,0
PSMA4,,,sperm_candidate,0,0,6.0,18.0,0,0,,,,False,False,False,,,,,,True,False,,,sperm/detail/PSMA4/PSMA4-sperm-evaluation.md,docs/sperm/reports/PSMA4.html,False,False,True,True,False,0
PSMA6,,,sperm_eliminated,0,0,0,0,0,0,,,,False,False,False,,,,,,False,False,,,sperm/detail/PSMA6/PSMA6-sperm-evaluation.md,docs/sperm/reports/PSMA6.html,False,False,False,False,False,0
PSMA7,,,sperm_eliminated,0,0,0,0,0,0,,,,False,False,False,,,,,,False,False,,,sperm/detail/PSMA7/PSMA7-sperm-evaluation.md,docs/sperm/reports/PSMA7.html,False,False,False,False,False,0
PSMA8,,,sperm_candidate,0,0,8.0,18.0,0,0,,,,False,False,False,,,,,,True,False,,,sperm/detail/PSMA8/PSMA8-sperm-evaluation.md,docs/sperm/reports/PSMA8.html,False,False,True,True,False,0
PSMB5,,,sperm_eliminated,0,0,0,0,0,0,,,,False,False,False,,,,,,False,False,,,sperm/detail/PSMB5/PSMB5-sperm-evaluation.md,docs/sperm/reports/PSMB5.html,False,False,False,False,False,0
PSMC4,,,sperm_candidate,0,0,6.0,18.0,0,0,,,,False,False,False,,,,,,True,False,,,sperm/detail/PSMC4/PSMC4-sperm-evaluation.md,docs/sperm/reports/PSMC4.html,False,False,True,True,False,0
PSMD10,,,sperm_eliminated,0,0,0,0,0,0,,,,False,False,False,,,,,,False,False,,,sperm/detail/PSMD10/PSMD10-sperm-evaluation.md,docs/sperm/reports/PSMD10.html,False,False,False,False,False,0
PSMD11,,,sperm_candidate,0,0,6.0,18.0,0,0,,,,False,False,False,,,,,,True,False,,,sperm/detail/PSMD11/PSMD11-sperm-evaluation.md,docs/sperm/reports/PSMD11.html,False,False,True,True,False,0
PSMD2,,,sperm_eliminated,0,0,0,0,0,0,,,,False,False,False,,,,,,False,False,,,sperm/detail/PSMD2/PSMD2-sperm-evaluation.md,docs/sperm/reports/PSMD2.html,False,False,False,False,False,0
PSMD5,,,sperm_candidate,0,0,8.0,18.0,0,0,,,,False,False,False,,,,,,True,False,,,sperm/detail/PSMD5/PSMD5-sperm-evaluation.md,docs/sperm/reports/PSMD5.html,False,False,True,True,False,0
PSMD7,,,sperm_candidate,0,0,7.0,18.0,0,0,,,,False,False,False,,,,,,True,False,,,sperm/detail/PSMD7/PSMD7-sperm-evaluation.md,docs/sperm/reports/PSMD7.html,False,False,True,True,False,0
PTEN,,,sperm_eliminated,0,0,0,0,0,0,,,,False,False,False,,,,,,False,False,,,sperm/detail/PTEN/PTEN-sperm-evaluation.md,docs/sperm/reports/PTEN.html,False,False,False,False,False,0
PTPN23,,,sperm_candidate,0,0,6.0,18.0,0,0,,,,False,False,False,,,,,,True,False,,,sperm/detail/PTPN23/PTPN23-sperm-evaluation.md,docs/sperm/reports/PTPN23.html,False,False,True,True,False,0
PTPRK,,,sperm_eliminated,0,0,0,0,0,0,,,,False,False,False,,,,,,False,False,,,sperm/detail/PTPRK/PTPRK-sperm-evaluation.md,docs/sperm/reports/PTPRK.html,False,False,False,False,False,0
RAB11A,,,sperm_eliminated,0,0,0,0,0,0,,,,False,False,False,,,,,,False,False,,,sperm/detail/RAB11A/RAB11A-sperm-evaluation.md,docs/sperm/reports/RAB11A.html,False,False,False,False,False,0
RAB11FIP4,,,sperm_candidate,0,0,7.0,18.0,0,0,,,,False,False,False,,,,,,True,False,,,sperm/detail/RAB11FIP4/RAB11FIP4-sperm-evaluation.md,docs/sperm/reports/RAB11FIP4.html,False,False,True,True,False,0
RAB11FIP5,,,sperm_candidate,0,0,7.0,18.0,0,0,,,,False,False,False,,,,,,True,False,,,sperm/detail/RAB11FIP5/RAB11FIP5-sperm-evaluation.md,docs/sperm/reports/RAB11FIP5.html,False,False,True,True,False,0
RAB27A,,,sperm_eliminated,0,0,0,0,0,0,,,,False,False,False,,,,,,False,False,,,sperm/detail/RAB27A/RAB27A-sperm-evaluation.md,docs/sperm/reports/RAB27A.html,False,False,False,False,False,0
RALGAPA1,,,sperm_candidate,0,0,8.0,18.0,0,0,,,,False,False,False,,,,,,True,False,,,sperm/detail/RALGAPA1/RALGAPA1-sperm-evaluation.md,docs/sperm/reports/RALGAPA1.html,False,False,True,True,False,0
RANGAP1,,,sperm_eliminated,0,0,0,0,0,0,,,,False,False,False,,,,,,False,False,,,sperm/detail/RANGAP1/RANGAP1-sperm-evaluation.md,docs/sperm/reports/RANGAP1.html,False,False,False,False,False,0
RAP1GAP2,,,sperm_candidate,0,0,8.0,18.0,0,0,,,,False,False,False,,,,,,True,False,,,sperm/detail/RAP1GAP2/RAP1GAP2-sperm-evaluation.md,docs/sperm/reports/RAP1GAP2.html,False,False,True,True,False,0
RAPGEF4,,,sperm_eliminated,0,0,0,0,0,0,,,,False,False,False,,,,,,False,False,,,sperm/detail/RAPGEF4/RAPGEF4-sperm-evaluation.md,docs/sperm/reports/RAPGEF4.html,False,False,False,False,False,0
RBM5,,,sperm_eliminated,0,0,0,0,0,0,,,,False,False,False,,,,,,False,False,,,sperm/detail/RBM5/RBM5-sperm-evaluation.md,docs/sperm/reports/RBM5.html,False,False,False,False,False,0
RCVRN,,,sperm_eliminated,0,0,0,0,0,0,,,,False,False,False,,,,,,False,False,,,sperm/detail/RCVRN/RCVRN-sperm-evaluation.md,docs/sperm/reports/RCVRN.html,False,False,False,False,False,0
REEP6,,,sperm_candidate,0,0,7.0,18.0,0,0,,,,False,False,False,,,,,,True,False,,,sperm/detail/REEP6/REEP6-sperm-evaluation.md,docs/sperm/reports/REEP6.html,False,False,True,True,False,0
RGS9BP,,,sperm_candidate,0,0,8.0,18.0,0,0,,,,False,False,False,,,,,,True,False,,,sperm/detail/RGS9BP/RGS9BP-sperm-evaluation.md,docs/sperm/reports/RGS9BP.html,False,False,True,True,False,0
RIBC2,,,sperm_candidate,0,0,8.0,18.0,0,0,,,,False,False,False,,,,,,True,False,,,sperm/detail/RIBC2/RIBC2-sperm-evaluation.md,docs/sperm/reports/RIBC2.html,False,False,True,True,False,0
RNPEP,,,sperm_candidate,0,0,8.0,18.0,0,0,,,,False,False,False,,,,,,True,False,,,sperm/detail/RNPEP/RNPEP-sperm-evaluation.md,docs/sperm/reports/RNPEP.html,False,False,True,True,False,0
ROPN1,,,sperm_candidate,0,0,7.0,18.0,0,0,,,,False,False,False,,,,,,True,False,,,sperm/detail/ROPN1/ROPN1-sperm-evaluation.md,docs/sperm/reports/ROPN1.html,False,False,True,True,False,0
ROPN1B,,,sperm_candidate,0,0,10.0,18.0,0,0,,,,False,False,False,,,,,,True,False,,,sperm/detail/ROPN1B/ROPN1B-sperm-evaluation.md,docs/sperm/reports/ROPN1B.html,False,False,True,True,False,0
ROPN1L,,,sperm_candidate,0,0,7.0,18.0,0,0,,,,False,False,False,,,,,,True,False,,,sperm/detail/ROPN1L/ROPN1L-sperm-evaluation.md,docs/sperm/reports/ROPN1L.html,False,False,True,True,False,0
RP1,,,sperm_eliminated,0,0,0,0,0,0,,,,False,False,False,,,,,,False,False,,,sperm/detail/RP1/RP1-sperm-evaluation.md,docs/sperm/reports/RP1.html,False,False,False,False,False,0
RP2,,,sperm_eliminated,0,0,0,0,0,0,,,,False,False,False,,,,,,False,False,,,sperm/detail/RP2/RP2-sperm-evaluation.md,docs/sperm/reports/RP2.html,False,False,False,False,False,0
RPAP3,,,sperm_candidate,0,0,7.0,18.0,0,0,,,,False,False,False,,,,,,True,False,,,sperm/detail/RPAP3/RPAP3-sperm-evaluation.md,docs/sperm/reports/RPAP3.html,False,False,True,True,False,0
RPGR,,,sperm_eliminated,0,0,0,0,0,0,,,,False,False,False,,,,,,False,False,,,sperm/detail/RPGR/RPGR-sperm-evaluation.md,docs/sperm/reports/RPGR.html,False,False,False,False,False,0
RPS27A,,,sperm_eliminated,0,0,0,0,0,0,,,,False,False,False,,,,,,False,False,,,sperm/detail/RPS27A/RPS27A-sperm-evaluation.md,docs/sperm/reports/RPS27A.html,False,False,False,False,False,0
RRAD,,,sperm_eliminated,0,0,0,0,0,0,,,,False,False,False,,,,,,False,False,,,sperm/detail/RRAD/RRAD-sperm-evaluation.md,docs/sperm/reports/RRAD.html,False,False,False,False,False,0
RSPH1,,,sperm_candidate,0,0,7.0,18.0,0,0,,,,False,False,False,,,,,,True,False,,,sperm/detail/RSPH1/RSPH1-sperm-evaluation.md,docs/sperm/reports/RSPH1.html,False,False,True,True,False,0
RSPH3,,,sperm_candidate,0,0,8.0,18.0,0,0,,,,False,False,False,,,,,,True,False,,,sperm/detail/RSPH3/RSPH3-sperm-evaluation.md,docs/sperm/reports/RSPH3.html,False,False,True,True,False,0
RSPH4A,,,sperm_candidate,0,0,6.0,18.0,0,0,,,,False,False,False,,,,,,True,False,,,sperm/detail/RSPH4A/RSPH4A-sperm-evaluation.md,docs/sperm/reports/RSPH4A.html,False,False,True,True,False,0
RSPH9,,,sperm_candidate,0,0,7.0,18.0,0,0,,,,False,False,False,,,,,,True,False,,,sperm/detail/RSPH9/RSPH9-sperm-evaluation.md,docs/sperm/reports/RSPH9.html,False,False,True,True,False,0
SAXO1,,,sperm_candidate,0,0,10.0,18.0,0,0,,,,False,False,False,,,,,,True,False,,,sperm/detail/SAXO1/SAXO1-sperm-evaluation.md,docs/sperm/reports/SAXO1.html,False,False,True,True,False,0
SAXO2,,,sperm_candidate,0,0,10.0,18.0,0,0,,,,False,False,False,,,,,,True,False,,,sperm/detail/SAXO2/SAXO2-sperm-evaluation.md,docs/sperm/reports/SAXO2.html,False,False,True,True,False,0
SCAMP2,,,sperm_candidate,0,0,7.0,18.0,0,0,,,,False,False,False,,,,,,True,False,,,sperm/detail/SCAMP2/SCAMP2-sperm-evaluation.md,docs/sperm/reports/SCAMP2.html,False,False,True,True,False,0
SCN10A,,,sperm_eliminated,0,0,0,0,0,0,,,,False,False,False,,,,,,False,False,,,sperm/detail/SCN10A/SCN10A-sperm-evaluation.md,docs/sperm/reports/SCN10A.html,False,False,False,False,False,0
SCNN1A,,,sperm_eliminated,0,0,0,0,0,0,,,,False,False,False,,,,,,False,False,,,sperm/detail/SCNN1A/SCNN1A-sperm-evaluation.md,docs/sperm/reports/SCNN1A.html,False,False,False,False,False,0
SELENOP,,,sperm_eliminated,0,0,0,0,0,0,,,,False,False,False,,,,,,False,False,,,sperm/detail/SELENOP/SELENOP-sperm-evaluation.md,docs/sperm/reports/SELENOP.html,False,False,False,False,False,0
SEPTIN10,,,sperm_candidate,0,0,8.0,18.0,0,0,,,,False,False,False,,,,,,True,False,,,sperm/detail/SEPTIN10/SEPTIN10-sperm-evaluation.md,docs/sperm/reports/SEPTIN10.html,False,False,True,True,False,0
SEPTIN11,,,sperm_candidate,0,0,8.0,18.0,0,0,,,,False,False,False,,,,,,True,False,,,sperm/detail/SEPTIN11/SEPTIN11-sperm-evaluation.md,docs/sperm/reports/SEPTIN11.html,False,False,True,True,False,0
SEPTIN12,,,sperm_candidate,0,0,7.0,18.0,0,0,,,,False,False,False,,,,,,True,False,,,sperm/detail/SEPTIN12/SEPTIN12-sperm-evaluation.md,docs/sperm/reports/SEPTIN12.html,False,False,True,True,False,0
SEPTIN2,,,sperm_eliminated,0,0,0,0,0,0,,,,False,False,False,,,,,,False,False,,,sperm/detail/SEPTIN2/SEPTIN2-sperm-evaluation.md,docs/sperm/reports/SEPTIN2.html,False,False,False,False,False,0
SEPTIN4,,,sperm_eliminated,0,0,0,0,0,0,,,,False,False,False,,,,,,False,False,,,sperm/detail/SEPTIN4/SEPTIN4-sperm-evaluation.md,docs/sperm/reports/SEPTIN4.html,False,False,False,False,False,0
SEPTIN6,,,sperm_candidate,0,0,7.0,18.0,0,0,,,,False,False,False,,,,,,True,False,,,sperm/detail/SEPTIN6/SEPTIN6-sperm-evaluation.md,docs/sperm/reports/SEPTIN6.html,False,False,True,True,False,0
SEPTIN8,,,sperm_candidate,0,0,8.0,18.0,0,0,,,,False,False,False,,,,,,True,False,,,sperm/detail/SEPTIN8/SEPTIN8-sperm-evaluation.md,docs/sperm/reports/SEPTIN8.html,False,False,True,True,False,0
SFN,,,sperm_eliminated,0,0,0,0,0,0,,,,False,False,False,,,,,,False,False,,,sperm/detail/SFN/SFN-sperm-evaluation.md,docs/sperm/reports/SFN.html,False,False,False,False,False,0
SLC22A14,,,sperm_candidate,0,0,8.0,18.0,0,0,,,,False,False,False,,,,,,True,False,,,sperm/detail/SLC22A14/SLC22A14-sperm-evaluation.md,docs/sperm/reports/SLC22A14.html,False,False,True,True,False,0
SLC26A3,,,sperm_eliminated,0,0,0,0,0,0,,,,False,False,False,,,,,,False,False,,,sperm/detail/SLC26A3/SLC26A3-sperm-evaluation.md,docs/sperm/reports/SLC26A3.html,False,False,False,False,False,0
SLC26A7,,,sperm_candidate,0,0,6.0,18.0,0,0,,,,False,False,False,,,,,,True,False,,,sperm/detail/SLC26A7/SLC26A7-sperm-evaluation.md,docs/sperm/reports/SLC26A7.html,False,False,True,True,False,0
SLC26A8,,,sperm_candidate,0,0,7.0,18.0,0,0,,,,False,False,False,,,,,,True,False,,,sperm/detail/SLC26A8/SLC26A8-sperm-evaluation.md,docs/sperm/reports/SLC26A8.html,False,False,True,True,False,0
SLC2A2,,,sperm_eliminated,0,0,0,0,0,0,,,,False,False,False,,,,,,False,False,,,sperm/detail/SLC2A2/SLC2A2-sperm-evaluation.md,docs/sperm/reports/SLC2A2.html,False,False,False,False,False,0
SLC2A5,,,sperm_eliminated,0,0,0,0,0,0,,,,False,False,False,,,,,,False,False,,,sperm/detail/SLC2A5/SLC2A5-sperm-evaluation.md,docs/sperm/reports/SLC2A5.html,False,False,False,False,False,0
SLC8A3,,,sperm_eliminated,0,0,0,0,0,0,,,,False,False,False,,,,,,False,False,,,sperm/detail/SLC8A3/SLC8A3-sperm-evaluation.md,docs/sperm/reports/SLC8A3.html,False,False,False,False,False,0
SLC9A3R1,,,sperm_eliminated,0,0,0,0,0,0,,,,False,False,False,,,,,,False,False,,,sperm/detail/SLC9A3R1/SLC9A3R1-sperm-evaluation.md,docs/sperm/reports/SLC9A3R1.html,False,False,False,False,False,0
SLC9B1,,,sperm_candidate,0,0,8.0,18.0,0,0,,,,False,False,False,,,,,,True,False,,,sperm/detail/SLC9B1/SLC9B1-sperm-evaluation.md,docs/sperm/reports/SLC9B1.html,False,False,True,True,False,0
SORD,,,sperm_eliminated,0,0,0,0,0,0,,,,False,False,False,,,,,,False,False,,,sperm/detail/SORD/SORD-sperm-evaluation.md,docs/sperm/reports/SORD.html,False,False,False,False,False,0
SPA17,,,sperm_eliminated,0,0,0,0,0,0,,,,False,False,False,,,,,,False,False,,,sperm/detail/SPA17/SPA17-sperm-evaluation.md,docs/sperm/reports/SPA17.html,False,False,False,False,False,0
SPACA1,,,sperm_candidate,0,0,7.0,18.0,0,0,,,,False,False,False,,,,,,True,False,,,sperm/detail/SPACA1/SPACA1-sperm-evaluation.md,docs/sperm/reports/SPACA1.html,False,False,True,True,False,0
SPACA3,,,sperm_candidate,0,0,7.0,18.0,0,0,,,,False,False,False,,,,,,True,False,,,sperm/detail/SPACA3/SPACA3-sperm-evaluation.md,docs/sperm/reports/SPACA3.html,False,False,True,True,False,0
SPACA4,,,sperm_candidate,0,0,8.0,18.0,0,0,,,,False,False,False,,,,,,True,False,,,sperm/detail/SPACA4/SPACA4-sperm-evaluation.md,docs/sperm/reports/SPACA4.html,False,False,True,True,False,0
SPACA7,,,sperm_candidate,0,0,10.0,18.0,0,0,,,,False,False,False,,,,,,True,False,,,sperm/detail/SPACA7/SPACA7-sperm-evaluation.md,docs/sperm/reports/SPACA7.html,False,False,True,True,False,0
SPACA9,,,sperm_candidate,0,0,10.0,18.0,0,0,,,,False,False,False,,,,,,True,False,,,sperm/detail/SPACA9/SPACA9-sperm-evaluation.md,docs/sperm/reports/SPACA9.html,False,False,True,True,False,0
SPACDR,,,sperm_candidate,0,0,10.0,5.0,0,0,,,,False,False,False,,,,,,True,False,,,sperm/detail/SPACDR/SPACDR-sperm-evaluation.md,docs/sperm/reports/SPACDR.html,False,False,True,True,False,0
SPAG1,,,sperm_candidate,0,0,6.0,18.0,0,0,,,,False,False,False,,,,,,True,False,,,sperm/detail/SPAG1/SPAG1-sperm-evaluation.md,docs/sperm/reports/SPAG1.html,False,False,True,True,False,0
SPAG16,,,sperm_candidate,0,0,7.0,18.0,0,0,,,,False,False,False,,,,,,True,False,,,sperm/detail/SPAG16/SPAG16-sperm-evaluation.md,docs/sperm/reports/SPAG16.html,False,False,True,True,False,0
SPAG17,,,sperm_candidate,0,0,7.0,18.0,0,0,,,,False,False,False,,,,,,True,False,,,sperm/detail/SPAG17/SPAG17-sperm-evaluation.md,docs/sperm/reports/SPAG17.html,False,False,True,True,False,0
SPAG6,,,sperm_eliminated,0,0,0,0,0,0,,,,False,False,False,,,,,,False,False,,,sperm/detail/SPAG6/SPAG6-sperm-evaluation.md,docs/sperm/reports/SPAG6.html,False,False,False,False,False,0
SPAG8,,,sperm_candidate,0,0,8.0,18.0,0,0,,,,False,False,False,,,,,,True,False,,,sperm/detail/SPAG8/SPAG8-sperm-evaluation.md,docs/sperm/reports/SPAG8.html,False,False,True,True,False,0
SPATA20,,,sperm_candidate,0,0,8.0,18.0,0,0,,,,False,False,False,,,,,,True,False,,,sperm/detail/SPATA20/SPATA20-sperm-evaluation.md,docs/sperm/reports/SPATA20.html,False,False,True,True,False,0
SPATA31A1,,,sperm_candidate,0,0,10.0,18.0,0,0,,,,False,False,False,,,,,,True,False,,,sperm/detail/SPATA31A1/SPATA31A1-sperm-evaluation.md,docs/sperm/reports/SPATA31A1.html,False,False,True,True,False,0
SPATA31A3,,,sperm_candidate,0,0,10.0,9.0,0,0,,,,False,False,False,,,,,,True,False,,,sperm/detail/SPATA31A3/SPATA31A3-sperm-evaluation.md,docs/sperm/reports/SPATA31A3.html,False,False,True,True,False,0
SPATA31A5,,,sperm_candidate,0,0,10.0,9.0,0,0,,,,False,False,False,,,,,,True,False,,,sperm/detail/SPATA31A5/SPATA31A5-sperm-evaluation.md,docs/sperm/reports/SPATA31A5.html,False,False,True,True,False,0
SPATA31A6,,,sperm_candidate,0,0,10.0,18.0,0,0,,,,False,False,False,,,,,,True,False,,,sperm/detail/SPATA31A6/SPATA31A6-sperm-evaluation.md,docs/sperm/reports/SPATA31A6.html,False,False,True,True,False,0
SPATA31A7,,,sperm_candidate,0,0,10.0,18.0,0,0,,,,False,False,False,,,,,,True,False,,,sperm/detail/SPATA31A7/SPATA31A7-sperm-evaluation.md,docs/sperm/reports/SPATA31A7.html,False,False,True,True,False,0
SPATA48,,,sperm_candidate,0,0,10.0,18.0,0,0,,,,False,False,False,,,,,,True,False,,,sperm/detail/SPATA48/SPATA48-sperm-evaluation.md,docs/sperm/reports/SPATA48.html,False,False,True,True,False,0
SPATA7,,,sperm_candidate,0,0,7.0,18.0,0,0,,,,False,False,False,,,,,,True,False,,,sperm/detail/SPATA7/SPATA7-sperm-evaluation.md,docs/sperm/reports/SPATA7.html,False,False,True,True,False,0
SPEF2,,,sperm_candidate,0,0,6.0,18.0,0,0,,,,False,False,False,,,,,,True,False,,,sperm/detail/SPEF2/SPEF2-sperm-evaluation.md,docs/sperm/reports/SPEF2.html,False,False,True,True,False,0
SPEM1,,,sperm_candidate,0,0,8.0,18.0,0,0,,,,False,False,False,,,,,,True,False,,,sperm/detail/SPEM1/SPEM1-sperm-evaluation.md,docs/sperm/reports/SPEM1.html,False,False,True,True,False,0
SPESP1,,,sperm_candidate,0,0,8.0,18.0,0,0,,,,False,False,False,,,,,,True,False,,,sperm/detail/SPESP1/SPESP1-sperm-evaluation.md,docs/sperm/reports/SPESP1.html,False,False,True,True,False,0
SPINK2,,,sperm_candidate,0,0,7.0,18.0,0,0,,,,False,False,False,,,,,,True,False,,,sperm/detail/SPINK2/SPINK2-sperm-evaluation.md,docs/sperm/reports/SPINK2.html,False,False,True,True,False,0
SPZ1,,,sperm_eliminated,0,0,0,0,0,0,,,,False,False,False,,,,,,False,False,,,sperm/detail/SPZ1/SPZ1-sperm-evaluation.md,docs/sperm/reports/SPZ1.html,False,False,False,False,False,0
SRPK2,,,sperm_eliminated,0,0,0,0,0,0,,,,False,False,False,,,,,,False,False,,,sperm/detail/SRPK2/SRPK2-sperm-evaluation.md,docs/sperm/reports/SRPK2.html,False,False,False,False,False,0
SSBP1,,,sperm_eliminated,0,0,0,0,0,0,,,,False,False,False,,,,,,False,False,,,sperm/detail/SSBP1/SSBP1-sperm-evaluation.md,docs/sperm/reports/SSBP1.html,False,False,False,False,False,0
SSX2IP,,,sperm_candidate,0,0,7.0,18.0,0,0,,,,False,False,False,,,,,,True,False,,,sperm/detail/SSX2IP/SSX2IP-sperm-evaluation.md,docs/sperm/reports/SSX2IP.html,False,False,True,True,False,0
STAT2,,,sperm_eliminated,0,0,0,0,0,0,,,,False,False,False,,,,,,False,False,,,sperm/detail/STAT2/STAT2-sperm-evaluation.md,docs/sperm/reports/STAT2.html,False,False,False,False,False,0
STAT4,,,sperm_eliminated,0,0,0,0,0,0,,,,False,False,False,,,,,,False,False,,,sperm/detail/STAT4/STAT4-sperm-evaluation.md,docs/sperm/reports/STAT4.html,False,False,False,False,False,0
STAT6,,,sperm_eliminated,0,0,0,0,0,0,,,,False,False,False,,,,,,False,False,,,sperm/detail/STAT6/STAT6-sperm-evaluation.md,docs/sperm/reports/STAT6.html,False,False,False,False,False,0
STK33,,,sperm_candidate,0,0,6.0,18.0,0,0,,,,False,False,False,,,,,,True,False,,,sperm/detail/STK33/STK33-sperm-evaluation.md,docs/sperm/reports/STK33.html,False,False,True,True,False,0
STPG2,,,sperm_candidate,0,0,10.0,18.0,0,0,,,,False,False,False,,,,,,True,False,,,sperm/detail/STPG2/STPG2-sperm-evaluation.md,docs/sperm/reports/STPG2.html,False,False,True,True,False,0
SUGT1,,,sperm_candidate,0,0,6.0,18.0,0,0,,,,False,False,False,,,,,,True,False,,,sperm/detail/SUGT1/SUGT1-sperm-evaluation.md,docs/sperm/reports/SUGT1.html,False,False,True,True,False,0
SUMO2,,,sperm_eliminated,0,0,0,0,0,0,,,,False,False,False,,,,,,False,False,,,sperm/detail/SUMO2/SUMO2-sperm-evaluation.md,docs/sperm/reports/SUMO2.html,False,False,False,False,False,0
SUMO3,,,sperm_eliminated,0,0,0,0,0,0,,,,False,False,False,,,,,,False,False,,,sperm/detail/SUMO3/SUMO3-sperm-evaluation.md,docs/sperm/reports/SUMO3.html,False,False,False,False,False,0
SUMO4,,,sperm_eliminated,0,0,0,0,0,0,,,,False,False,False,,,,,,False,False,,,sperm/detail/SUMO4/SUMO4-sperm-evaluation.md,docs/sperm/reports/SUMO4.html,False,False,False,False,False,0
TAF8,,,sperm_candidate,0,0,8.0,18.0,0,0,,,,False,False,False,,,,,,True,False,,,sperm/detail/TAF8/TAF8-sperm-evaluation.md,docs/sperm/reports/TAF8.html,False,False,True,True,False,0
TBC1D21,,,sperm_candidate,0,0,8.0,18.0,0,0,,,,False,False,False,,,,,,True,False,,,sperm/detail/TBC1D21/TBC1D21-sperm-evaluation.md,docs/sperm/reports/TBC1D21.html,False,False,True,True,False,0
TBC1D30,,,sperm_candidate,0,0,10.0,18.0,0,0,,,,False,False,False,,,,,,True,False,,,sperm/detail/TBC1D30/TBC1D30-sperm-evaluation.md,docs/sperm/reports/TBC1D30.html,False,False,True,True,False,0
TCHP,,,sperm_eliminated,0,0,0,0,0,0,,,,False,False,False,,,,,,False,False,,,sperm/detail/TCHP/TCHP-sperm-evaluation.md,docs/sperm/reports/TCHP.html,False,False,False,False,False,0
TCTE1,,,sperm_candidate,0,0,8.0,18.0,0,0,,,,False,False,False,,,,,,True,False,,,sperm/detail/TCTE1/TCTE1-sperm-evaluation.md,docs/sperm/reports/TCTE1.html,False,False,True,True,False,0
TEKT2,,,sperm_candidate,0,0,8.0,18.0,0,0,,,,False,False,False,,,,,,True,False,,,sperm/detail/TEKT2/TEKT2-sperm-evaluation.md,docs/sperm/reports/TEKT2.html,False,False,True,True,False,0
TEKT3,,,sperm_candidate,0,0,8.0,18.0,0,0,,,,False,False,False,,,,,,True,False,,,sperm/detail/TEKT3/TEKT3-sperm-evaluation.md,docs/sperm/reports/TEKT3.html,False,False,True,True,False,0
TEKT4,,,sperm_candidate,0,0,8.0,18.0,0,0,,,,False,False,False,,,,,,True,False,,,sperm/detail/TEKT4/TEKT4-sperm-evaluation.md,docs/sperm/reports/TEKT4.html,False,False,True,True,False,0
TEX37,,,sperm_candidate,0,0,10.0,18.0,0,0,,,,False,False,False,,,,,,True,False,,,sperm/detail/TEX37/TEX37-sperm-evaluation.md,docs/sperm/reports/TEX37.html,False,False,True,True,False,0
TEX43,,,sperm_candidate,0,0,10.0,18.0,0,0,,,,False,False,False,,,,,,True,False,,,sperm/detail/TEX43/TEX43-sperm-evaluation.md,docs/sperm/reports/TEX43.html,False,False,True,True,False,0
TEX45,,,sperm_candidate,0,0,10.0,18.0,0,0,,,,False,False,False,,,,,,True,False,,,sperm/detail/TEX45/TEX45-sperm-evaluation.md,docs/sperm/reports/TEX45.html,False,False,True,True,False,0
THEG,,,sperm_eliminated,0,0,0,0,0,0,,,,False,False,False,,,,,,False,False,,,sperm/detail/THEG/THEG-sperm-evaluation.md,docs/sperm/reports/THEG.html,False,False,False,False,False,0
THEGL,,,sperm_candidate,0,0,10.0,18.0,0,0,,,,False,False,False,,,,,,True,False,,,sperm/detail/THEGL/THEGL-sperm-evaluation.md,docs/sperm/reports/THEGL.html,False,False,True,True,False,0
TMEM231,,,sperm_candidate,0,0,8.0,18.0,0,0,,,,False,False,False,,,,,,True,False,,,sperm/detail/TMEM231/TMEM231-sperm-evaluation.md,docs/sperm/reports/TMEM231.html,False,False,True,True,False,0
TMEM89,,,sperm_candidate,0,0,10.0,18.0,0,0,,,,False,False,False,,,,,,True,False,,,sperm/detail/TMEM89/TMEM89-sperm-evaluation.md,docs/sperm/reports/TMEM89.html,False,False,True,True,False,0
TOPAZ1,,,sperm_candidate,0,0,6.0,18.0,0,0,,,,False,False,False,,,,,,True,False,,,sperm/detail/TOPAZ1/TOPAZ1-sperm-evaluation.md,docs/sperm/reports/TOPAZ1.html,False,False,True,True,False,0
TP53I11,,,sperm_candidate,0,0,8.0,18.0,0,0,,,,False,False,False,,,,,,True,False,,,sperm/detail/TP53I11/TP53I11-sperm-evaluation.md,docs/sperm/reports/TP53I11.html,False,False,True,True,False,0
TPPP2,,,sperm_candidate,0,0,8.0,18.0,0,0,,,,False,False,False,,,,,,True,False,,,sperm/detail/TPPP2/TPPP2-sperm-evaluation.md,docs/sperm/reports/TPPP2.html,False,False,True,True,False,0
TRIP13,,,sperm_eliminated,0,0,0,0,0,0,,,,False,False,False,,,,,,False,False,,,sperm/detail/TRIP13/TRIP13-sperm-evaluation.md,docs/sperm/reports/TRIP13.html,False,False,False,False,False,0
TSGA10,,,sperm_candidate,0,0,6.0,18.0,0,0,,,,False,False,False,,,,,,True,False,,,sperm/detail/TSGA10/TSGA10-sperm-evaluation.md,docs/sperm/reports/TSGA10.html,False,False,True,True,False,0
TSGA10IP,,,sperm_candidate,0,0,10.0,18.0,0,0,,,,False,False,False,,,,,,True,False,,,sperm/detail/TSGA10IP/TSGA10IP-sperm-evaluation.md,docs/sperm/reports/TSGA10IP.html,False,False,True,True,False,0
TSSK1B,,,sperm_candidate,0,0,8.0,18.0,0,0,,,,False,False,False,,,,,,True,False,,,sperm/detail/TSSK1B/TSSK1B-sperm-evaluation.md,docs/sperm/reports/TSSK1B.html,False,False,True,True,False,0
TTC21B,,,sperm_candidate,0,0,6.0,18.0,0,0,,,,False,False,False,,,,,,True,False,,,sperm/detail/TTC21B/TTC21B-sperm-evaluation.md,docs/sperm/reports/TTC21B.html,False,False,True,True,False,0
TTC29,,,sperm_candidate,0,0,8.0,18.0,0,0,,,,False,False,False,,,,,,True,False,,,sperm/detail/TTC29/TTC29-sperm-evaluation.md,docs/sperm/reports/TTC29.html,False,False,True,True,False,0
TTC8,,,sperm_candidate,0,0,7.0,18.0,0,0,,,,False,False,False,,,,,,True,False,,,sperm/detail/TTC8/TTC8-sperm-evaluation.md,docs/sperm/reports/TTC8.html,False,False,True,True,False,0
TTLL6,,,sperm_candidate,0,0,8.0,18.0,0,0,,,,False,False,False,,,,,,True,False,,,sperm/detail/TTLL6/TTLL6-sperm-evaluation.md,docs/sperm/reports/TTLL6.html,False,False,True,True,False,0
TTLL9,,,sperm_candidate,0,0,8.0,18.0,0,0,,,,False,False,False,,,,,,True,False,,,sperm/detail/TTLL9/TTLL9-sperm-evaluation.md,docs/sperm/reports/TTLL9.html,False,False,True,True,False,0
TUBB,,,sperm_eliminated,0,0,0,0,0,0,,,,False,False,False,,,,,,False,False,,,sperm/detail/TUBB/TUBB-sperm-evaluation.md,docs/sperm/reports/TUBB.html,False,False,False,False,False,0
TUBB1,,,sperm_eliminated,0,0,0,0,0,0,,,,False,False,False,,,,,,False,False,,,sperm/detail/TUBB1/TUBB1-sperm-evaluation.md,docs/sperm/reports/TUBB1.html,False,False,False,False,False,0
TUBB2A,,,sperm_eliminated,0,0,0,0,0,0,,,,False,False,False,,,,,,False,False,,,sperm/detail/TUBB2A/TUBB2A-sperm-evaluation.md,docs/sperm/reports/TUBB2A.html,False,False,False,False,False,0
TUBB2B,,,sperm_eliminated,0,0,0,0,0,0,,,,False,False,False,,,,,,False,False,,,sperm/detail/TUBB2B/TUBB2B-sperm-evaluation.md,docs/sperm/reports/TUBB2B.html,False,False,False,False,False,0
TUBB3,,,sperm_eliminated,0,0,0,0,0,0,,,,False,False,False,,,,,,False,False,,,sperm/detail/TUBB3/TUBB3-sperm-evaluation.md,docs/sperm/reports/TUBB3.html,False,False,False,False,False,0
TUBB4A,,,sperm_eliminated,0,0,0,0,0,0,,,,False,False,False,,,,,,False,False,,,sperm/detail/TUBB4A/TUBB4A-sperm-evaluation.md,docs/sperm/reports/TUBB4A.html,False,False,False,False,False,0
TUBB4B,,,sperm_candidate,0,0,6.0,18.0,0,0,,,,False,False,False,,,,,,True,False,,,sperm/detail/TUBB4B/TUBB4B-sperm-evaluation.md,docs/sperm/reports/TUBB4B.html,False,False,True,True,False,0
TUBB6,,,sperm_candidate,0,0,6.0,18.0,0,0,,,,False,False,False,,,,,,True,False,,,sperm/detail/TUBB6/TUBB6-sperm-evaluation.md,docs/sperm/reports/TUBB6.html,False,False,True,True,False,0
TUBB8,,,sperm_candidate,0,0,6.0,18.0,0,0,,,,False,False,False,,,,,,True,False,,,sperm/detail/TUBB8/TUBB8-sperm-evaluation.md,docs/sperm/reports/TUBB8.html,False,False,True,True,False,0
TUBB8B,,,sperm_candidate,0,0,10.0,18.0,0,0,,,,False,False,False,,,,,,True,False,,,sperm/detail/TUBB8B/TUBB8B-sperm-evaluation.md,docs/sperm/reports/TUBB8B.html,False,False,True,True,False,0
TUBG1,,,sperm_candidate,0,0,6.0,18.0,0,0,,,,False,False,False,,,,,,True,False,,,sperm/detail/TUBG1/TUBG1-sperm-evaluation.md,docs/sperm/reports/TUBG1.html,False,False,True,True,False,0
TUBG2,,,sperm_candidate,0,0,8.0,18.0,0,0,,,,False,False,False,,,,,,True,False,,,sperm/detail/TUBG2/TUBG2-sperm-evaluation.md,docs/sperm/reports/TUBG2.html,False,False,True,True,False,0
TULP4,,,sperm_candidate,0,0,7.0,18.0,0,0,,,,False,False,False,,,,,,True,False,,,sperm/detail/TULP4/TULP4-sperm-evaluation.md,docs/sperm/reports/TULP4.html,False,False,True,True,False,0
UBA52,,,sperm_eliminated,0,0,0,0,0,0,,,,False,False,False,,,,,,False,False,,,sperm/detail/UBA52/UBA52-sperm-evaluation.md,docs/sperm/reports/UBA52.html,False,False,False,False,False,0
UBB,,,sperm_eliminated,0,0,0,0,0,0,,,,False,False,False,,,,,,False,False,,,sperm/detail/UBB/UBB-sperm-evaluation.md,docs/sperm/reports/UBB.html,False,False,False,False,False,0
UBC,,,sperm_eliminated,0,0,0,0,0,0,,,,False,False,False,,,,,,False,False,,,sperm/detail/UBC/UBC-sperm-evaluation.md,docs/sperm/reports/UBC.html,False,False,False,False,False,0
UBE2A,,,sperm_eliminated,0,0,0,0,0,0,,,,False,False,False,,,,,,False,False,,,sperm/detail/UBE2A/UBE2A-sperm-evaluation.md,docs/sperm/reports/UBE2A.html,False,False,False,False,False,0
UBE2B,,,sperm_eliminated,0,0,0,0,0,0,,,,False,False,False,,,,,,False,False,,,sperm/detail/UBE2B/UBE2B-sperm-evaluation.md,docs/sperm/reports/UBE2B.html,False,False,False,False,False,0
UBR4,,,sperm_eliminated,0,0,0,0,0,0,,,,False,False,False,,,,,,False,False,,,sperm/detail/UBR4/UBR4-sperm-evaluation.md,docs/sperm/reports/UBR4.html,False,False,False,False,False,0
ULK3,,,sperm_candidate,0,0,6.0,18.0,0,0,,,,False,False,False,,,,,,True,False,,,sperm/detail/ULK3/ULK3-sperm-evaluation.md,docs/sperm/reports/ULK3.html,False,False,True,True,False,0
UNC119B,,,sperm_candidate,0,0,8.0,18.0,0,0,,,,False,False,False,,,,,,True,False,,,sperm/detail/UNC119B/UNC119B-sperm-evaluation.md,docs/sperm/reports/UNC119B.html,False,False,True,True,False,0
USH2A,,,sperm_eliminated,0,0,0,0,0,0,,,,False,False,False,,,,,,False,False,,,sperm/detail/USH2A/USH2A-sperm-evaluation.md,docs/sperm/reports/USH2A.html,False,False,False,False,False,0
VARS1,,,sperm_candidate,0,0,8.0,18.0,0,0,,,,False,False,False,,,,,,True,False,,,sperm/detail/VARS1/VARS1-sperm-evaluation.md,docs/sperm/reports/VARS1.html,False,False,True,True,False,0
VCAN,,,sperm_eliminated,0,0,0,0,0,0,,,,False,False,False,,,,,,False,False,,,sperm/detail/VCAN/VCAN-sperm-evaluation.md,docs/sperm/reports/VCAN.html,False,False,False,False,False,0
VPS37A,,,sperm_candidate,0,0,7.0,18.0,0,0,,,,False,False,False,,,,,,True,False,,,sperm/detail/VPS37A/VPS37A-sperm-evaluation.md,docs/sperm/reports/VPS37A.html,False,False,True,True,False,0
VPS50,,,sperm_candidate,0,0,8.0,18.0,0,0,,,,False,False,False,,,,,,True,False,,,sperm/detail/VPS50/VPS50-sperm-evaluation.md,docs/sperm/reports/VPS50.html,False,False,True,True,False,0
WBP11,,,sperm_candidate,0,0,7.0,18.0,0,0,,,,False,False,False,,,,,,True,False,,,sperm/detail/WBP11/WBP11-sperm-evaluation.md,docs/sperm/reports/WBP11.html,False,False,True,True,False,0
WDPCP,,,sperm_candidate,0,0,7.0,18.0,0,0,,,,False,False,False,,,,,,True,False,,,sperm/detail/WDPCP/WDPCP-sperm-evaluation.md,docs/sperm/reports/WDPCP.html,False,False,True,True,False,0
WDR11,,,sperm_candidate,0,0,6.0,18.0,0,0,,,,False,False,False,,,,,,True,False,,,sperm/detail/WDR11/WDR11-sperm-evaluation.md,docs/sperm/reports/WDR11.html,False,False,True,True,False,0
WDR19,,,sperm_candidate,0,0,6.0,18.0,0,0,,,,False,False,False,,,,,,True,False,,,sperm/detail/WDR19/WDR19-sperm-evaluation.md,docs/sperm/reports/WDR19.html,False,False,True,True,False,0
WDR5,,,sperm_eliminated,0,0,0,0,0,0,,,,False,False,False,,,,,,False,False,,,sperm/detail/WDR5/WDR5-sperm-evaluation.md,docs/sperm/reports/WDR5.html,False,False,False,False,False,0
WDR54,,,sperm_candidate,0,0,8.0,18.0,0,0,,,,False,False,False,,,,,,True,False,,,sperm/detail/WDR54/WDR54-sperm-evaluation.md,docs/sperm/reports/WDR54.html,False,False,True,True,False,0
WRAP73,,,sperm_candidate,0,0,8.0,18.0,0,0,,,,False,False,False,,,,,,True,False,,,sperm/detail/WRAP73/WRAP73-sperm-evaluation.md,docs/sperm/reports/WRAP73.html,False,False,True,True,False,0
ZG16,,,sperm_candidate,0,0,6.0,18.0,0,0,,,,False,False,False,,,,,,True,False,,,sperm/detail/ZG16/ZG16-sperm-evaluation.md,docs/sperm/reports/ZG16.html,False,False,True,True,False,0
