{"avg_plddt": 59.78, "plddt_above70": 42.3, "plddt_above90": 24.099999999999998, "plddt_below50": 46.400000000000006, "model_id": "AF-Q9BTV7-F1", "version": 6}